日付,感染者数1日,ラグ変数,感染者数累計,死者数1日,死者数累計,平均気温,月,火,水,木,金,土,日,曜日,平日休日
2020/1/16,0,0,0,0,0,6.7,0,0,0,1,0,0,0,木,平日
2020/1/17,0,0,0,0,0,7.3,0,0,0,0,1,0,0,金,平日
2020/1/18,0,0,0,0,0,3.8,0,0,0,0,0,1,0,土,休日
2020/1/19,0,0,0,0,0,6.5,0,0,0,0,0,0,1,日,休日
2020/1/20,0,0,0,0,0,7.5,1,0,0,0,0,0,0,月,平日
2020/1/21,0,0,0,0,0,7.4,0,1,0,0,0,0,0,火,平日
2020/1/22,0,0,0,0,0,4.9,0,0,1,0,0,0,0,水,平日
2020/1/23,0,0,0,0,0,6.1,0,0,0,1,0,0,0,木,平日
2020/1/24,1,0,1,0,0,9.9,0,0,0,0,1,0,0,金,平日
2020/1/25,1,1,2,0,0,7.8,0,0,0,0,0,1,0,土,休日
2020/1/26,0,1,2,0,0,5,0,0,0,0,0,0,1,日,休日
2020/1/27,0,0,2,0,0,5.1,1,0,0,0,0,0,0,月,平日
2020/1/28,0,0,2,0,0,4.4,0,1,0,0,0,0,0,火,平日
2020/1/29,0,0,2,0,0,11.8,0,0,1,0,0,0,0,水,平日
2020/1/30,1,0,3,0,0,11.7,0,0,0,1,0,0,0,木,平日
2020/1/31,0,1,3,0,0,8.1,0,0,0,0,1,0,0,金,平日
2020/2/1,0,0,3,0,0,7.9,0,0,0,0,0,1,0,土,休日
2020/2/2,0,0,3,0,0,8.7,0,0,0,0,0,0,1,日,休日
2020/2/3,0,0,3,0,0,9.3,1,0,0,0,0,0,0,月,平日
2020/2/4,0,0,3,0,0,7.9,0,1,0,0,0,0,0,火,平日
2020/2/5,0,0,3,0,0,7.6,0,0,1,0,0,0,0,水,平日
2020/2/6,0,0,3,0,0,2.9,0,0,0,1,0,0,0,木,平日
2020/2/7,0,0,3,0,0,2.4,0,0,0,0,1,0,0,金,平日
2020/2/8,0,0,3,0,0,6.2,0,0,0,0,0,1,0,土,休日
2020/2/9,0,0,3,0,0,3.9,0,0,0,0,0,0,1,日,休日
2020/2/10,0,0,3,0,0,4.6,1,0,0,0,0,0,0,月,平日
2020/2/11,0,0,3,0,0,6.3,0,1,0,0,0,0,0,火,平日
2020/2/12,0,0,3,0,0,8.7,0,0,1,0,0,0,0,水,平日
2020/2/13,1,0,4,0,0,11.7,0,0,0,1,0,0,0,木,平日
2020/2/14,2,1,6,0,0,12,0,0,0,0,1,0,0,金,平日
2020/2/15,8,2,14,0,0,12.4,0,0,0,0,0,1,0,土,休日
2020/2/16,5,8,19,0,0,9.3,0,0,0,0,0,0,1,日,休日
2020/2/17,0,5,19,0,0,10.3,1,0,0,0,0,0,0,月,平日
2020/2/18,3,0,22,0,0,7.6,0,1,0,0,0,0,0,火,平日
2020/2/19,3,3,25,0,0,8.1,0,0,1,0,0,0,0,水,平日
2020/2/20,0,3,25,0,0,9,0,0,0,1,0,0,0,木,平日
2020/2/21,3,0,28,0,0,10,0,0,0,0,1,0,0,金,平日
2020/2/22,1,3,29,0,0,12.5,0,0,0,0,0,1,0,土,休日
2020/2/23,0,1,29,0,0,10.4,0,0,0,0,0,0,1,日,休日
2020/2/24,3,0,32,0,0,9.8,1,0,0,0,0,0,0,月,平日
2020/2/25,0,3,32,0,0,10.5,0,1,0,0,0,0,0,火,平日
2020/2/26,3,0,35,1,1,8.1,0,0,1,0,0,0,0,水,平日
2020/2/27,1,3,36,0,1,7,0,0,0,1,0,0,0,木,平日
2020/2/28,0,1,36,0,1,7,0,0,0,0,1,0,0,金,平日
2020/2/29,1,0,37,0,1,9.4,0,0,0,0,0,1,0,土,休日
2020/3/1,2,1,39,0,1,12,0,0,0,0,0,0,1,日,休日
2020/3/2,0,2,39,0,1,7.3,1,0,0,0,0,0,0,月,平日
2020/3/3,1,0,40,0,1,11.3,0,1,0,0,0,0,0,火,平日
2020/3/4,4,1,44,0,1,8.9,0,0,1,0,0,0,0,水,平日
2020/3/5,8,4,52,0,1,9.2,0,0,0,1,0,0,0,木,平日
2020/3/6,6,8,58,0,1,9.4,0,0,0,0,1,0,0,金,平日
2020/3/7,6,6,64,0,1,7.3,0,0,0,0,0,1,0,土,休日
2020/3/8,0,6,64,0,1,7.2,0,0,0,0,0,0,1,日,休日
2020/3/9,0,0,64,1,2,13.1,1,0,0,0,0,0,0,月,平日
2020/3/10,3,0,67,0,2,14.7,0,1,0,0,0,0,0,火,平日
2020/3/11,6,3,73,0,2,15.3,0,0,1,0,0,0,0,水,平日
2020/3/12,2,6,75,0,2,11.4,0,0,0,1,0,0,0,木,平日
2020/3/13,2,2,77,0,2,12.5,0,0,0,0,1,0,0,金,平日
2020/3/14,10,2,87,0,2,5.5,0,0,0,0,0,1,0,土,休日
2020/3/15,3,10,90,0,2,7.1,0,0,0,0,0,0,1,日,休日
2020/3/16,0,3,90,0,2,7.1,1,0,0,0,0,0,0,月,平日
2020/3/17,12,0,102,0,2,7.7,0,1,0,0,0,0,0,火,平日
2020/3/18,9,12,111,0,2,11.9,0,0,1,0,0,0,0,水,平日
2020/3/19,7,9,118,0,2,14.6,0,0,0,1,0,0,0,木,平日
2020/3/20,11,7,129,1,3,14.5,0,0,0,0,1,0,0,金,平日
2020/3/21,7,11,136,1,4,13.8,0,0,0,0,0,1,0,土,休日
2020/3/22,3,7,139,0,4,16.8,0,0,0,0,0,0,1,日,休日
2020/3/23,16,3,155,0,4,10.3,1,0,0,0,0,0,0,月,平日
2020/3/24,18,16,173,1,5,8.2,0,1,0,0,0,0,0,火,平日
2020/3/25,41,18,214,0,5,10,0,0,1,0,0,0,0,水,平日
2020/3/26,46,41,260,0,5,13,0,0,0,1,0,0,0,木,平日
2020/3/27,40,46,300,1,6,16.2,0,0,0,0,1,0,0,金,平日
2020/3/28,64,40,364,1,7,15.5,0,0,0,0,0,1,0,土,休日
2020/3/29,72,64,436,1,8,3.6,0,0,0,0,0,0,1,日,休日
2020/3/30,12,72,448,1,9,7.6,1,0,0,0,0,0,0,月,平日
2020/3/31,78,12,526,7,16,9.8,0,1,0,0,0,0,0,火,平日
2020/4/1,67,78,593,0,16,11.4,0,0,1,0,0,0,0,水,平日
2020/4/2,98,67,691,0,16,13.9,0,0,0,1,0,0,0,木,平日
2020/4/3,92,98,783,2,18,12.8,0,0,0,0,1,0,0,金,平日
2020/4/4,118,92,901,5,23,15.7,0,0,0,0,0,1,0,土,休日
2020/4/5,141,118,1042,7,30,10.2,0,0,0,0,0,0,1,日,休日
2020/4/6,85,141,1127,0,30,12.1,1,0,0,0,0,0,0,月,平日
2020/4/7,87,85,1214,1,31,12.4,0,1,0,0,0,0,0,火,平日
2020/4/8,156,87,1370,4,35,14.3,0,0,1,0,0,0,0,水,平日
2020/4/9,183,156,1553,1,36,13.3,0,0,0,1,0,0,0,木,平日
2020/4/10,199,183,1752,4,40,11.2,0,0,0,0,1,0,0,金,平日
2020/4/11,198,199,1950,0,40,11.4,0,0,0,0,0,1,0,土,休日
2020/4/12,174,198,2124,2,42,10.3,0,0,0,0,0,0,1,日,休日
2020/4/13,100,174,2224,0,42,8,1,0,0,0,0,0,0,月,平日
2020/4/14,159,100,2383,5,47,10.9,0,1,0,0,0,0,0,火,平日
2020/4/15,127,159,2510,6,53,13.8,0,0,1,0,0,0,0,水,平日
2020/4/16,151,127,2661,3,56,11.7,0,0,0,1,0,0,0,木,平日
2020/4/17,206,151,2867,7,63,12.4,0,0,0,0,1,0,0,金,平日
2020/4/18,186,206,3053,5,68,12.9,0,0,0,0,0,1,0,土,休日
2020/4/19,109,186,3162,3,71,14.7,0,0,0,0,0,0,1,日,休日
2020/4/20,101,109,3263,6,77,9.7,1,0,0,0,0,0,0,月,平日
2020/4/21,123,101,3386,4,81,14.2,0,1,0,0,0,0,0,火,平日
2020/4/22,123,123,3509,0,81,13.5,0,0,1,0,0,0,0,水,平日
2020/4/23,134,123,3643,6,87,11.9,0,0,0,1,0,0,0,木,平日
2020/4/24,170,134,3813,6,93,12.2,0,0,0,0,1,0,0,金,平日
2020/4/25,119,170,3932,7,100,12.7,0,0,0,0,0,1,0,土,休日
2020/4/26,82,119,4014,0,100,18.3,0,0,0,0,0,0,1,日,休日
2020/4/27,41,82,4055,6,106,12.8,1,0,0,0,0,0,0,月,平日
2020/4/28,113,41,4168,2,108,12.3,0,1,0,0,0,0,0,火,平日
2020/4/29,47,113,4215,9,117,15.1,0,0,1,0,0,0,0,水,平日
2020/4/30,59,47,4274,3,120,18,0,0,0,1,0,0,0,木,平日
2020/5/1,165,59,4439,6,126,19.9,0,0,0,0,1,0,0,金,平日
2020/5/2,154,165,4593,15,141,20.6,0,0,0,0,0,1,0,土,休日
2020/5/3,93,154,4686,4,145,20.7,0,0,0,0,0,0,1,日,休日
2020/5/4,87,93,4773,5,150,19.3,1,0,0,0,0,0,0,月,平日
2020/5/5,57,87,4830,0,150,21.3,0,1,0,0,0,0,0,火,平日
2020/5/6,37,57,4867,5,155,15.8,0,0,1,0,0,0,0,水,平日
2020/5/7,23,37,4890,5,160,16.5,0,0,0,1,0,0,0,木,平日
2020/5/8,39,23,4929,11,171,16.7,0,0,0,0,1,0,0,金,平日
2020/5/9,36,39,4965,9,180,18.3,0,0,0,0,0,1,0,土,休日
2020/5/10,22,36,4987,0,180,21.5,0,0,0,0,0,0,1,日,休日
2020/5/11,15,22,5002,9,189,22.9,1,0,0,0,0,0,0,月,平日
2020/5/12,27,15,5029,7,196,21.7,0,1,0,0,0,0,0,火,平日
2020/5/13,10,27,5039,7,203,22.3,0,0,1,0,0,0,0,水,平日
2020/5/14,30,10,5069,9,212,20.8,0,0,0,1,0,0,0,木,平日
2020/5/15,9,30,5078,7,219,21.5,0,0,0,0,1,0,0,金,平日
2020/5/16,14,9,5092,11,230,18.5,0,0,0,0,0,1,0,土,休日
2020/5/17,5,14,5097,7,237,21.6,0,0,0,0,0,0,1,日,休日
2020/5/18,10,5,5107,4,241,19.2,1,0,0,0,0,0,0,月,平日
2020/5/19,5,10,5112,3,244,17.7,0,1,0,0,0,0,0,火,平日
2020/5/20,5,5,5117,3,247,12.7,0,0,1,0,0,0,0,水,平日
2020/5/21,11,5,5128,9,256,12.7,0,0,0,1,0,0,0,木,平日
2020/5/22,3,11,5131,7,263,15.3,0,0,0,0,1,0,0,金,平日
2020/5/23,2,3,5133,8,271,18.4,0,0,0,0,0,1,0,土,休日
2020/5/24,14,2,5147,9,280,20.8,0,0,0,0,0,0,1,日,休日
2020/5/25,8,14,5155,8,288,21.6,1,0,0,0,0,0,0,月,平日
2020/5/26,10,8,5165,4,292,20.9,0,1,0,0,0,0,0,火,平日
2020/5/27,11,10,5176,4,296,21.4,0,0,1,0,0,0,0,水,平日
2020/5/28,15,11,5191,3,299,19.4,0,0,0,1,0,0,0,木,平日
2020/5/29,21,15,5212,3,302,20.7,0,0,0,0,1,0,0,金,平日
2020/5/30,14,21,5226,2,304,22,0,0,0,0,0,1,0,土,休日
2020/5/31,5,14,5231,1,305,21.3,0,0,0,0,0,0,1,日,休日
2020/6/1,13,5,5244,0,305,19.6,1,0,0,0,0,0,0,月,平日
2020/6/2,34,13,5278,1,306,22.3,0,1,0,0,0,0,0,火,平日
2020/6/3,12,34,5290,0,306,24,0,0,1,0,0,0,0,水,平日
2020/6/4,28,12,5318,1,307,23.5,0,0,0,1,0,0,0,木,平日
2020/6/5,20,28,5338,2,309,24.8,0,0,0,0,1,0,0,金,平日
2020/6/6,26,20,5364,2,311,24.2,0,0,0,0,0,1,0,土,休日
2020/6/7,14,26,5378,0,311,22,0,0,0,0,0,0,1,日,休日
2020/6/8,13,14,5391,0,311,23.2,1,0,0,0,0,0,0,月,平日
2020/6/9,12,13,5403,0,311,25.5,0,1,0,0,0,0,0,火,平日
2020/6/10,18,12,5421,0,311,26.2,0,0,1,0,0,0,0,水,平日
2020/6/11,22,18,5443,0,311,25.1,0,0,0,1,0,0,0,木,平日
2020/6/12,25,22,5468,2,313,26.2,0,0,0,0,1,0,0,金,平日
2020/6/13,24,25,5492,1,314,21.3,0,0,0,0,0,1,0,土,休日
2020/6/14,47,24,5539,0,314,21.7,0,0,0,0,0,0,1,日,休日
2020/6/15,48,47,5587,0,314,25.9,1,0,0,0,0,0,0,月,平日
2020/6/16,27,48,5614,2,316,25.5,0,1,0,0,0,0,0,火,平日
2020/6/17,16,27,5630,1,317,23.6,0,0,1,0,0,0,0,水,平日
2020/6/18,41,16,5671,0,317,22.1,0,0,0,1,0,0,0,木,平日
2020/6/19,35,41,5706,3,320,18.7,0,0,0,0,1,0,0,金,平日
2020/6/20,39,35,5745,0,320,22.9,0,0,0,0,0,1,0,土,休日
2020/6/21,34,39,5779,0,320,21.9,0,0,0,0,0,0,1,日,休日
2020/6/22,29,34,5808,1,321,19.2,1,0,0,0,0,0,0,月,平日
2020/6/23,31,29,5839,2,323,22.3,0,1,0,0,0,0,0,火,平日
2020/6/24,55,31,5894,2,325,22.5,0,0,1,0,0,0,0,水,平日
2020/6/25,48,55,5942,0,325,20.2,0,0,0,1,0,0,0,木,平日
2020/6/26,54,48,5996,0,325,24.7,0,0,0,0,1,0,0,金,平日
2020/6/27,57,54,6053,0,325,25.5,0,0,0,0,0,1,0,土,休日
2020/6/28,60,57,6113,0,325,22.2,0,0,0,0,0,0,1,日,休日
2020/6/29,58,60,6171,0,325,24.9,1,0,0,0,0,0,0,月,平日
2020/6/30,54,58,6225,0,325,24.6,0,1,0,0,0,0,0,火,平日
2020/7/1,67,54,6292,0,325,25.1,0,0,1,0,0,0,0,水,平日
2020/7/2,107,67,6399,0,325,25.9,0,0,0,1,0,0,0,木,平日
2020/7/3,124,107,6523,0,325,23.8,0,0,0,0,1,0,0,金,平日
2020/7/4,131,124,6654,0,325,23.8,0,0,0,0,0,1,0,土,休日
2020/7/5,111,131,6765,0,325,24.9,0,0,0,0,0,0,1,日,休日
2020/7/6,102,111,6867,0,325,24.8,1,0,0,0,0,0,0,月,平日
2020/7/7,106,102,6973,0,325,27.2,0,1,0,0,0,0,0,火,平日
2020/7/8,75,106,7048,0,325,26,0,0,1,0,0,0,0,水,平日
2020/7/9,224,75,7272,0,325,23.7,0,0,0,1,0,0,0,木,平日
2020/7/10,243,224,7515,0,325,25.3,0,0,0,0,1,0,0,金,平日
2020/7/11,206,243,7721,0,325,27.5,0,0,0,0,0,1,0,土,休日
2020/7/12,206,206,7927,0,325,26,0,0,0,0,0,0,1,日,休日
2020/7/13,118,206,8045,0,325,21,1,0,0,0,0,0,0,月,平日
2020/7/14,143,118,8188,0,325,22.3,0,1,0,0,0,0,0,火,平日
2020/7/15,165,143,8353,1,326,20.4,0,0,1,0,0,0,0,水,平日
2020/7/16,286,165,8639,0,326,20.7,0,0,0,1,0,0,0,木,平日
2020/7/17,293,286,8932,0,326,19.3,0,0,0,0,1,0,0,金,平日
2020/7/18,290,293,9222,0,326,20.4,0,0,0,0,0,1,0,土,休日
2020/7/19,188,290,9410,0,326,24.3,0,0,0,0,0,0,1,日,休日
2020/7/20,168,188,9578,1,327,26.9,1,0,0,0,0,0,0,月,平日
2020/7/21,237,168,9815,0,327,25.5,0,1,0,0,0,0,0,火,平日
2020/7/22,238,237,10053,0,327,26.6,0,0,1,0,0,0,0,水,平日
2020/7/23,366,238,10419,0,327,23.2,0,0,0,1,0,0,0,木,平日
2020/7/24,260,366,10679,0,327,24.5,0,0,0,0,1,0,0,金,平日
2020/7/25,295,260,10974,1,328,25.1,0,0,0,0,0,1,0,土,休日
2020/7/26,239,295,11213,0,328,25.6,0,0,0,0,0,0,1,日,休日
2020/7/27,131,239,11344,0,328,26.3,1,0,0,0,0,0,0,月,平日
2020/7/28,266,131,11610,0,328,26.7,0,1,0,0,0,0,0,火,平日
2020/7/29,250,266,11860,1,329,22.9,0,0,1,0,0,0,0,水,平日
2020/7/30,367,250,12227,1,330,23.2,0,0,0,1,0,0,0,木,平日
2020/7/31,462,367,12689,2,332,24.8,0,0,0,0,1,0,0,金,平日
2020/8/1,472,462,13161,0,332,26.1,0,0,0,0,0,1,0,土,休日
2020/8/2,292,472,13453,0,332,26.3,0,0,0,0,0,0,1,日,休日
2020/8/3,258,292,13711,1,333,27.2,1,0,0,0,0,0,0,月,平日
2020/8/4,309,258,14020,0,333,28.3,0,1,0,0,0,0,0,火,平日
2020/8/5,263,309,14283,0,333,29.1,0,0,1,0,0,0,0,水,平日
2020/8/6,360,263,14643,0,333,28.5,0,0,0,1,0,0,0,木,平日
2020/8/7,461,360,15104,0,333,29.5,0,0,0,0,1,0,0,金,平日
2020/8/8,429,461,15533,0,333,28.1,0,0,0,0,0,1,0,土,休日
2020/8/9,331,429,15864,0,333,28.7,0,0,0,0,0,0,1,日,休日
2020/8/10,197,331,16061,1,334,30.5,1,0,0,0,0,0,0,月,平日
2020/8/11,188,197,16249,2,336,31.7,0,1,0,0,0,0,0,火,平日
2020/8/12,222,188,16471,0,336,30,0,0,1,0,0,0,0,水,平日
2020/8/13,206,222,16677,2,338,29.4,0,0,0,1,0,0,0,木,平日
2020/8/14,389,206,17066,0,338,29.4,0,0,0,0,1,0,0,金,平日
2020/8/15,385,389,17451,0,338,31,0,0,0,0,0,1,0,土,休日
2020/8/16,260,385,17711,2,340,31.2,0,0,0,0,0,0,1,日,休日
2020/8/17,161,260,17872,1,341,30.8,1,0,0,0,0,0,0,月,平日
2020/8/18,207,161,18079,3,344,30.3,0,1,0,0,0,0,0,火,平日
2020/8/19,186,207,18265,3,347,29,0,0,1,0,0,0,0,水,平日
2020/8/20,339,186,18604,1,348,29.7,0,0,0,1,0,0,0,木,平日
2020/8/21,258,339,18862,2,350,30.1,0,0,0,0,1,0,0,金,平日
2020/8/22,256,258,19118,0,350,29.3,0,0,0,0,0,1,0,土,休日
2020/8/23,212,256,19330,0,350,25.6,0,0,0,0,0,0,1,日,休日
2020/8/24,95,212,19425,2,352,27.2,1,0,0,0,0,0,0,月,平日
2020/8/25,182,95,19607,2,354,27.8,0,1,0,0,0,0,0,火,平日
2020/8/26,236,182,19843,2,356,28.8,0,0,1,0,0,0,0,水,平日
2020/8/27,250,236,20093,0,356,29.3,0,0,0,1,0,0,0,木,平日
2020/8/28,226,250,20319,2,358,30.2,0,0,0,0,1,0,0,金,平日
2020/8/29,247,226,20566,0,358,30.3,0,0,0,0,0,1,0,土,休日
2020/8/30,148,247,20714,2,360,30,0,0,0,0,0,0,1,日,休日
2020/8/31,100,148,20814,3,363,27.5,1,0,0,0,0,0,0,月,平日
2020/9/1,170,100,20984,1,364,24.9,0,1,0,0,0,0,0,火,平日
2020/9/2,141,170,21125,0,364,26.8,0,0,1,0,0,0,0,水,平日
2020/9/3,211,141,21336,1,365,28.4,0,0,0,1,0,0,0,木,平日
2020/9/4,136,211,21472,4,369,29.3,0,0,0,0,1,0,0,金,平日
2020/9/5,181,136,21653,0,369,28.6,0,0,0,0,0,1,0,土,休日
2020/9/6,116,181,21769,0,369,25.7,0,0,0,0,0,0,1,日,休日
2020/9/7,76,116,21845,3,372,26.7,1,0,0,0,0,0,0,月,平日
2020/9/8,170,76,22015,6,378,29.5,0,1,0,0,0,0,0,火,平日
2020/9/9,149,170,22164,1,379,29,0,0,1,0,0,0,0,水,平日
2020/9/10,276,149,22440,0,379,27.7,0,0,0,1,0,0,0,木,平日
2020/9/11,187,276,22627,1,380,28.3,0,0,0,0,1,0,0,金,平日
2020/9/12,226,187,22853,2,382,23.7,0,0,0,0,0,1,0,土,休日
2020/9/13,146,226,22999,0,382,23.3,0,0,0,0,0,0,1,日,休日
2020/9/14,80,146,23079,2,384,23.4,1,0,0,0,0,0,0,月,平日
2020/9/15,191,80,23270,2,386,23.8,0,1,0,0,0,0,0,火,平日
2020/9/16,163,191,23433,3,389,24,0,0,1,0,0,0,0,水,平日
2020/9/17,171,163,23604,0,389,24.9,0,0,0,1,0,0,0,木,平日
2020/9/18,220,171,23824,1,390,29,0,0,0,0,1,0,0,金,平日
2020/9/19,218,220,24042,0,390,24.7,0,0,0,0,0,1,0,土,休日
2020/9/20,162,218,24204,0,390,22.2,0,0,0,0,0,0,1,日,休日
2020/9/21,97,162,24301,1,391,22,1,0,0,0,0,0,0,月,平日
2020/9/22,88,97,24389,0,391,22.5,0,1,0,0,0,0,0,火,平日
2020/9/23,59,88,24448,1,392,20.2,0,0,1,0,0,0,0,水,平日
2020/9/24,193,59,24641,3,395,19,0,0,0,1,0,0,0,木,平日
2020/9/25,195,193,24836,4,399,19.4,0,0,0,0,1,0,0,金,平日
2020/9/26,269,195,25105,1,400,18.5,0,0,0,0,0,1,0,土,休日
2020/9/27,144,269,25249,0,400,19.7,0,0,0,0,0,0,1,日,休日
2020/9/28,78,144,25327,6,406,21.5,1,0,0,0,0,0,0,月,平日
2020/9/29,211,78,25538,1,407,19.7,0,1,0,0,0,0,0,火,平日
2020/9/30,194,211,25732,1,408,20,0,0,1,0,0,0,0,水,平日
2020/10/1,234,194,25966,1,409,19.5,0,0,0,1,0,0,0,木,平日
2020/10/2,196,234,26162,0,409,21,0,0,0,0,1,0,0,金,平日
2020/10/3,205,196,26367,2,411,21.7,0,0,0,0,0,1,0,土,休日
2020/10/4,107,205,26474,0,411,22,0,0,0,0,0,0,1,日,休日
2020/10/5,65,107,26539,2,413,21.7,1,0,0,0,0,0,0,月,平日
2020/10/6,176,65,26715,1,414,21,0,1,0,0,0,0,0,火,平日
2020/10/7,140,176,26855,2,416,18.3,0,0,1,0,0,0,0,水,平日
2020/10/8,248,140,27103,1,417,14.7,0,0,0,1,0,0,0,木,平日
2020/10/9,203,248,27306,4,421,14.5,0,0,0,0,1,0,0,金,平日
2020/10/10,248,203,27554,0,421,16,0,0,0,0,0,1,0,土,休日
2020/10/11,146,248,27700,0,421,19.8,0,0,0,0,0,0,1,日,休日
2020/10/12,78,146,27778,0,421,21.5,1,0,0,0,0,0,0,月,平日
2020/10/13,166,78,27944,2,423,22.1,0,1,0,0,0,0,0,火,平日
2020/10/14,177,166,28121,2,425,20.3,0,0,1,0,0,0,0,水,平日
2020/10/15,284,177,28405,2,427,16.8,0,0,0,1,0,0,0,木,平日
2020/10/16,183,284,28588,4,431,16.1,0,0,0,0,1,0,0,金,平日
2020/10/17,235,183,28823,3,434,12.7,0,0,0,0,0,1,0,土,休日
2020/10/18,132,235,28955,2,436,14.3,0,0,0,0,0,0,1,日,休日
2020/10/19,78,132,29033,0,436,13.1,1,0,0,0,0,0,0,月,平日
2020/10/20,139,78,29172,1,437,15.6,0,1,0,0,0,0,0,火,平日
2020/10/21,145,139,29317,2,439,16,0,0,1,0,0,0,0,水,平日
2020/10/22,185,145,29502,3,442,17.4,0,0,0,1,0,0,0,木,平日
2020/10/23,186,185,29688,3,445,16.8,0,0,0,0,1,0,0,金,平日
2020/10/24,201,186,29889,0,445,17.3,0,0,0,0,0,1,0,土,休日
2020/10/25,124,201,30013,2,447,15.5,0,0,0,0,0,0,1,日,休日
2020/10/26,102,124,30115,3,450,16.2,1,0,0,0,0,0,0,月,平日
2020/10/27,158,102,30273,1,451,16.7,0,1,0,0,0,0,0,火,平日
2020/10/28,171,158,30444,0,451,16.6,0,0,1,0,0,0,0,水,平日
2020/10/29,220,171,30664,2,453,17.3,0,0,0,1,0,0,0,木,平日
2020/10/30,203,220,30867,2,455,14.9,0,0,0,0,1,0,0,金,平日
2020/10/31,215,203,31082,0,455,13.8,0,0,0,0,0,1,0,土,休日
2020/11/1,116,215,31198,0,455,14.3,0,0,0,0,0,0,1,日,休日
2020/11/2,87,116,31285,4,459,15.6,1,0,0,0,0,0,0,月,平日
2020/11/3,209,87,31494,0,459,14.8,0,1,0,0,0,0,0,火,平日
2020/11/4,122,209,31616,0,459,13.7,0,0,1,0,0,0,0,水,平日
2020/11/5,269,122,31885,2,461,13.4,0,0,0,1,0,0,0,木,平日
2020/11/6,242,269,32127,0,461,12.8,0,0,0,0,1,0,0,金,平日
2020/11/7,294,242,32421,0,461,15.5,0,0,0,0,0,1,0,土,休日
2020/11/8,189,294,32610,0,461,17.3,0,0,0,0,0,0,1,日,休日
2020/11/9,156,189,32766,1,462,13.5,1,0,0,0,0,0,0,月,平日
2020/11/10,293,156,33059,3,465,11.9,0,1,0,0,0,0,0,火,平日
2020/11/11,316,293,33375,3,468,11.9,0,0,1,0,0,0,0,水,平日
2020/11/12,392,316,33767,2,470,10.2,0,0,0,1,0,0,0,木,平日
2020/11/13,374,392,34141,0,470,13.7,0,0,0,0,1,0,0,金,平日
2020/11/14,352,374,34493,0,470,14.7,0,0,0,0,0,1,0,土,休日
2020/11/15,255,352,34748,0,470,13.4,0,0,0,0,0,0,1,日,休日
2020/11/16,180,255,34928,2,472,14.7,1,0,0,0,0,0,0,月,平日
2020/11/17,298,180,35226,4,476,15.2,0,1,0,0,0,0,0,火,平日
2020/11/18,486,298,35712,0,476,15.8,0,0,1,0,0,0,0,水,平日
2020/11/19,531,486,36243,0,476,19.1,0,0,0,1,0,0,0,木,平日
2020/11/20,522,531,36765,1,477,21.9,0,0,0,0,1,0,0,金,平日
2020/11/21,539,522,37304,1,478,16.6,0,0,0,0,0,1,0,土,休日
2020/11/22,390,539,37694,1,479,15,0,0,0,0,0,0,1,日,休日
2020/11/23,315,390,38009,0,479,15.5,1,0,0,0,0,0,0,月,平日
2020/11/24,188,315,38197,0,479,11.8,0,1,0,0,0,0,0,火,平日
2020/11/25,402,188,38599,3,482,10.5,0,0,1,0,0,0,0,水,平日
2020/11/26,482,402,39081,3,485,12.8,0,0,0,1,0,0,0,木,平日
2020/11/27,570,482,39651,3,488,11.6,0,0,0,0,1,0,0,金,平日
2020/11/28,561,570,40212,0,488,11.8,0,0,0,0,0,1,0,土,休日
2020/11/29,419,561,40631,0,488,10.1,0,0,0,0,0,0,1,日,休日
2020/11/30,312,419,40943,1,489,9.9,1,0,0,0,0,0,0,月,平日
2020/12/1,370,312,41313,5,494,10.2,0,1,0,0,0,0,0,火,平日
2020/12/2,501,370,41814,5,499,8.2,0,0,1,0,0,0,0,水,平日
2020/12/3,532,501,42346,2,501,8.1,0,0,0,1,0,0,0,木,平日
2020/12/4,459,532,42805,8,509,9.2,0,0,0,0,1,0,0,金,平日
2020/12/5,584,459,43389,2,511,6.6,0,0,0,0,0,1,0,土,休日
2020/12/6,328,584,43717,0,511,8.2,0,0,0,0,0,0,1,日,休日
2020/12/7,301,328,44018,6,517,9.7,1,0,0,0,0,0,0,月,平日
2020/12/8,354,301,44372,6,523,11.4,0,1,0,0,0,0,0,火,平日
2020/12/9,574,354,44946,5,528,9.8,0,0,1,0,0,0,0,水,平日
2020/12/10,601,574,45547,2,530,9.3,0,0,0,1,0,0,0,木,平日
2020/12/11,596,601,46143,5,535,10.2,0,0,0,0,1,0,0,金,平日
2020/12/12,621,596,46764,0,535,11.4,0,0,0,0,0,1,0,土,休日
2020/12/13,481,621,47245,0,535,9.9,0,0,0,0,0,0,1,日,休日
2020/12/14,305,481,47550,3,538,8.5,1,0,0,0,0,0,0,月,平日
2020/12/15,457,305,48007,9,547,6.1,0,1,0,0,0,0,0,火,平日
2020/12/16,681,457,48688,10,557,4.6,0,0,1,0,0,0,0,水,平日
2020/12/17,822,681,49510,0,557,4.3,0,0,0,1,0,0,0,木,平日
2020/12/18,664,822,50174,4,561,6.1,0,0,0,0,1,0,0,金,平日
2020/12/19,736,664,50910,5,566,5.8,0,0,0,0,0,1,0,土,休日
2020/12/20,556,736,51466,0,566,4.4,0,0,0,0,0,0,1,日,休日
2020/12/21,397,556,51863,1,567,5.3,1,0,0,0,0,0,0,月,平日
2020/12/22,570,397,52433,1,568,5.6,0,1,0,0,0,0,0,火,平日
2020/12/23,758,570,53191,10,578,7.7,0,0,1,0,0,0,0,水,平日
2020/12/24,895,758,54086,9,587,8,0,0,0,1,0,0,0,木,平日
2020/12/25,890,895,54976,10,597,8.7,0,0,0,0,1,0,0,金,平日
2020/12/26,954,890,55930,10,607,6.4,0,0,0,0,0,1,0,土,休日
2020/12/27,708,954,56638,0,607,7.8,0,0,0,0,0,0,1,日,休日
2020/12/28,491,708,57129,6,613,8.5,1,0,0,0,0,0,0,月,平日
2020/12/29,869,491,57998,5,618,8.7,0,1,0,0,0,0,0,火,平日
2020/12/30,961,869,58959,4,622,6.9,0,0,1,0,0,0,0,水,平日
2020/12/31,1353,961,60312,5,627,3.4,0,0,0,1,0,0,0,木,平日
2021/1/1,793,1353,61105,4,631,4.4,0,0,0,0,1,0,0,金,平日
2021/1/2,829,793,61934,0,631,4.8,0,0,0,0,0,1,0,土,休日
2021/1/3,826,829,62760,1,632,3.7,0,0,0,0,0,0,1,日,休日
2021/1/4,905,826,63665,2,634,5.8,1,0,0,0,0,0,0,月,平日
2021/1/5,1315,905,64980,14,648,6,0,1,0,0,0,0,0,火,平日
2021/1/6,1640,1315,66620,8,656,5.3,0,0,1,0,0,0,0,水,平日
2021/1/7,2520,1640,69140,11,667,6.3,0,0,0,1,0,0,0,木,平日
2021/1/8,2459,2520,71599,7,674,2.4,0,0,0,0,1,0,0,金,平日
2021/1/9,2332,2459,73931,8,682,2.9,0,0,0,0,0,1,0,土,休日
2021/1/10,1510,2332,75441,3,685,2.6,0,0,0,0,0,0,1,日,休日
2021/1/11,1252,1510,76693,4,689,2.3,1,0,0,0,0,0,0,月,平日
2021/1/12,1025,1252,77718,2,691,3.4,0,1,0,0,0,0,0,火,平日
2021/1/13,1480,1025,79198,13,704,5.8,0,0,1,0,0,0,0,水,平日
2021/1/14,1552,1480,80750,3,707,7.9,0,0,0,1,0,0,0,木,平日
2021/1/15,2044,1552,82794,10,717,6.6,0,0,0,0,1,0,0,金,平日
2021/1/16,1839,2044,84633,3,720,10,0,0,0,0,0,1,0,土,休日
2021/1/17,1595,1839,86228,5,725,6.1,0,0,0,0,0,0,1,日,休日
2021/1/18,1217,1595,87445,3,728,4.3,1,0,0,0,0,0,0,月,平日
2021/1/19,1253,1217,88698,16,744,4.4,0,1,0,0,0,0,0,火,平日
2021/1/20,1286,1253,89984,10,754,3.9,0,0,1,0,0,0,0,水,平日
2021/1/21,1485,1286,91469,7,761,4.8,0,0,0,1,0,0,0,木,平日
2021/1/22,1184,1485,92653,9,770,8.7,0,0,0,0,1,0,0,金,平日
2021/1/23,1079,1184,93732,9,779,6.4,0,0,0,0,0,1,0,土,休日
2021/1/24,986,1079,94718,3,782,4.3,0,0,0,0,0,0,1,日,休日
2021/1/25,619,986,95337,14,796,7.6,1,0,0,0,0,0,0,月,平日
2021/1/26,1026,619,96363,13,809,7.5,0,1,0,0,0,0,0,火,平日
2021/1/27,976,1026,97339,18,827,10.3,0,0,1,0,0,0,0,水,平日
2021/1/28,1065,976,98404,20,847,4.4,0,0,0,1,0,0,0,木,平日
2021/1/29,871,1065,99275,17,864,5.3,0,0,0,0,1,0,0,金,平日
2021/1/30,770,871,100045,19,883,4.1,0,0,0,0,0,1,0,土,休日
2021/1/31,634,770,100679,3,886,5.4,0,0,0,0,0,0,1,日,休日
2021/2/1,393,634,101072,8,894,7.2,1,0,0,0,0,0,0,月,平日
2021/2/2,556,393,101628,23,917,8.8,0,1,0,0,0,0,0,火,平日
2021/2/3,676,556,102304,32,949,6.2,0,0,1,0,0,0,0,水,平日
2021/2/4,734,676,103038,25,974,7,0,0,0,1,0,0,0,木,平日
2021/2/5,577,734,103615,22,996,7.1,0,0,0,0,1,0,0,金,平日
2021/2/6,639,577,104254,21,1017,8.9,0,0,0,0,0,1,0,土,休日
2021/2/7,429,639,104683,6,1023,9.9,0,0,0,0,0,0,1,日,休日
2021/2/8,276,429,104959,12,1035,6.1,1,0,0,0,0,0,0,月,平日
2021/2/9,412,276,105371,18,1053,4.7,0,1,0,0,0,0,0,火,平日
2021/2/10,491,412,105862,25,1078,6.7,0,0,1,0,0,0,0,水,平日
2021/2/11,434,491,106296,21,1099,8.7,0,0,0,1,0,0,0,木,平日
2021/2/12,307,434,106603,15,1114,7.8,0,0,0,0,1,0,0,金,平日
2021/2/13,369,307,106972,11,1125,10.4,0,0,0,0,0,1,0,土,休日
2021/2/14,371,369,107343,6,1131,12.3,0,0,0,0,0,0,1,日,休日
2021/2/15,266,371,107609,6,1137,11.4,1,0,0,0,0,0,0,月,平日
2021/2/16,350,266,107959,27,1164,10.6,0,1,0,0,0,0,0,火,平日
2021/2/17,378,350,108337,19,1183,7.6,0,0,1,0,0,0,0,水,平日
2021/2/18,445,378,108782,27,1210,4.3,0,0,0,1,0,0,0,木,平日
2021/2/19,353,445,109135,11,1221,6.9,0,0,0,0,1,0,0,金,平日
2021/2/20,327,353,109462,27,1248,10.2,0,0,0,0,0,1,0,土,休日
2021/2/21,272,327,109734,17,1265,13.9,0,0,0,0,0,0,1,日,休日
2021/2/22,178,272,109912,9,1274,14.9,1,0,0,0,0,0,0,月,平日
2021/2/23,275,178,110187,11,1285,11,0,1,0,0,0,0,0,火,平日
2021/2/24,213,275,110400,17,1302,6.4,0,0,1,0,0,0,0,水,平日
2021/2/25,340,213,110740,23,1325,6.6,0,0,0,1,0,0,0,木,平日
2021/2/26,270,340,111010,30,1355,8.7,0,0,0,0,1,0,0,金,平日
2021/2/27,337,270,111347,15,1370,5.7,0,0,0,0,0,1,0,土,休日
2021/2/28,329,337,111676,6,1376,6.6,0,0,0,0,0,0,1,日,休日
2021/3/1,121,329,111797,19,1395,11.8,1,0,0,0,0,0,0,月,平日
2021/3/2,232,121,112029,5,1400,13.5,0,1,0,0,0,0,0,火,平日
2021/3/3,316,232,112345,19,1419,7.4,0,0,1,0,0,0,0,水,平日
2021/3/4,279,316,112624,23,1442,9,0,0,0,1,0,0,0,木,平日
2021/3/5,301,279,112925,12,1454,11.8,0,0,0,0,1,0,0,金,平日
2021/3/6,293,301,113218,8,1462,13.8,0,0,0,0,0,1,0,土,休日
2021/3/7,237,293,113455,0,1462,7.8,0,0,0,0,0,0,1,日,休日
2021/3/8,116,237,113571,17,1479,6.6,1,0,0,0,0,0,0,月,平日
2021/3/9,290,116,113861,21,1500,9.6,0,1,0,0,0,0,0,火,平日
2021/3/10,340,290,114201,18,1518,12,0,0,1,0,0,0,0,水,平日
2021/3/11,335,340,114536,18,1536,9.9,0,0,0,1,0,0,0,木,平日
2021/3/12,304,335,114840,25,1561,12.7,0,0,0,0,1,0,0,金,平日
2021/3/13,330,304,115170,16,1577,11.1,0,0,0,0,0,1,0,土,休日
2021/3/14,239,330,115409,3,1580,12.5,0,0,0,0,0,0,1,日,休日
2021/3/15,175,239,115584,9,1589,12.9,1,0,0,0,0,0,0,月,平日
2021/3/16,300,175,115884,16,1605,14.5,0,1,0,0,0,0,0,火,平日
2021/3/17,409,300,116293,7,1612,13.7,0,0,1,0,0,0,0,水,平日
2021/3/18,323,409,116616,12,1624,12.3,0,0,0,1,0,0,0,木,平日
2021/3/19,303,323,116919,6,1630,12.9,0,0,0,0,1,0,0,金,平日
2021/3/20,342,303,117261,2,1632,14.1,0,0,0,0,0,1,0,土,休日
2021/3/21,256,342,117517,4,1636,16.7,0,0,0,0,0,0,1,日,休日
2021/3/22,187,256,117704,7,1643,12.1,1,0,0,0,0,0,0,月,平日
2021/3/23,337,187,118041,18,1661,10.8,0,1,0,0,0,0,0,火,平日
2021/3/24,420,337,118461,6,1667,13.8,0,0,1,0,0,0,0,水,平日
2021/3/25,394,420,118855,7,1674,14.5,0,0,0,1,0,0,0,木,平日
2021/3/26,376,394,119231,15,1689,14.5,0,0,0,0,1,0,0,金,平日
2021/3/27,430,376,119661,16,1705,13.7,0,0,0,0,0,1,0,土,休日
2021/3/28,313,430,119974,20,1725,16.5,0,0,0,0,0,0,1,日,休日
2021/3/29,234,313,120208,12,1737,17.5,1,0,0,0,0,0,0,月,平日
2021/3/30,364,234,120572,10,1747,17.8,0,1,0,0,0,0,0,火,平日
2021/3/31,414,364,120986,23,1770,17.9,0,0,1,0,0,0,0,水,平日
2021/4/1,475,414,121461,4,1774,16.6,0,0,0,1,0,0,0,木,平日
2021/4/2,440,475,121901,2,1776,16,0,0,0,0,1,0,0,金,平日
2021/4/3,446,440,122347,0,1776,16.9,0,0,0,0,0,1,0,土,休日
2021/4/4,355,446,122702,0,1776,18.5,0,0,0,0,0,0,1,日,休日
2021/4/5,249,355,122951,3,1779,12.9,1,0,0,0,0,0,0,月,平日
2021/4/6,399,249,123350,6,1785,10.6,0,1,0,0,0,0,0,火,平日
2021/4/7,555,399,123905,4,1789,13.3,0,0,1,0,0,0,0,水,平日
2021/4/8,545,555,124450,5,1794,13.3,0,0,0,1,0,0,0,木,平日
2021/4/9,537,545,124987,4,1798,11.9,0,0,0,0,1,0,0,金,平日
2021/4/10,570,537,125557,5,1803,10.4,0,0,0,0,0,1,0,土,休日
2021/4/11,421,570,125978,0,1803,12.5,0,0,0,0,0,0,1,日,休日
2021/4/12,306,421,126284,1,1804,14.4,1,0,0,0,0,0,0,月,平日
2021/4/13,510,306,126794,7,1811,15.7,0,1,0,0,0,0,0,火,平日
2021/4/14,591,510,127385,8,1819,15.3,0,0,1,0,0,0,0,水,平日
2021/4/15,729,591,128114,9,1828,10.7,0,0,0,1,0,0,0,木,平日
2021/4/16,667,729,128781,8,1836,13.7,0,0,0,0,1,0,0,金,平日
2021/4/17,759,667,129540,10,1846,15.7,0,0,0,0,0,1,0,土,休日
2021/4/18,543,759,130083,1,1847,16.4,0,0,0,0,0,0,1,日,休日
2021/4/19,405,543,130488,0,1847,15.8,1,0,0,0,0,0,0,月,平日
2021/4/20,711,405,131199,5,1852,17.2,0,1,0,0,0,0,0,火,平日
2021/4/21,843,711,132042,4,1856,19.1,0,0,1,0,0,0,0,水,平日
2021/4/22,861,843,132903,8,1864,18.1,0,0,0,1,0,0,0,木,平日
2021/4/23,759,861,133662,5,1869,13.8,0,0,0,0,1,0,0,金,平日
2021/4/24,876,759,134538,3,1872,15.3,0,0,0,0,0,1,0,土,休日
2021/4/25,635,876,135173,4,1876,16.9,0,0,0,0,0,0,1,日,休日
2021/4/26,425,635,135598,0,1876,13.4,1,0,0,0,0,0,0,月,平日
2021/4/27,828,425,136426,3,1879,14.6,0,1,0,0,0,0,0,火,平日
2021/4/28,925,828,137351,1,1880,18.2,0,0,1,0,0,0,0,水,平日
2021/4/29,1027,925,138378,9,1889,17.2,0,0,0,1,0,0,0,木,平日
2021/4/30,698,1027,139076,2,1891,18.8,0,0,0,0,1,0,0,金,平日
2021/5/1,1050,698,140126,6,1897,17.7,0,0,0,0,0,1,0,土,休日
2021/5/2,879,1050,141005,1,1898,16.3,0,0,0,0,0,0,1,日,休日
2021/5/3,708,879,141713,0,1898,16.4,1,0,0,0,0,0,0,月,平日
2021/5/4,609,708,142322,1,1899,18,0,1,0,0,0,0,0,火,平日
2021/5/5,621,609,142943,0,1899,18.3,0,0,1,0,0,0,0,水,平日
2021/5/6,591,621,143534,4,1903,18.5,0,0,0,1,0,0,0,木,平日
2021/5/7,907,591,144441,6,1909,17.5,0,0,0,0,1,0,0,金,平日
2021/5/8,1121,907,145562,6,1915,19.5,0,0,0,0,0,1,0,土,休日
2021/5/9,1032,1121,146594,3,1918,23,0,0,0,0,0,0,1,日,休日
2021/5/10,573,1032,147167,2,1920,20.2,1,0,0,0,0,0,0,月,平日
2021/5/11,925,573,148092,3,1923,17.5,0,1,0,0,0,0,0,火,平日
2021/5/12,969,925,149061,8,1931,17.9,0,0,1,0,0,0,0,水,平日
2021/5/13,1010,969,150071,7,1938,16.1,0,0,0,1,0,0,0,木,平日
2021/5/14,854,1010,150925,2,1940,20.8,0,0,0,0,1,0,0,金,平日
2021/5/15,772,854,151697,11,1951,21.2,0,0,0,0,0,1,0,土,休日
2021/5/16,542,772,152239,0,1951,20,0,0,0,0,0,0,1,日,休日
2021/5/17,419,542,152658,7,1958,23,1,0,0,0,0,0,0,月,平日
2021/5/18,732,419,153390,11,1969,20.5,0,1,0,0,0,0,0,火,平日
2021/5/19,766,732,154156,15,1984,17.2,0,0,1,0,0,0,0,水,平日
2021/5/20,843,766,154999,13,1997,19.1,0,0,0,1,0,0,0,木,平日
2021/5/21,649,843,155648,13,2010,21.7,0,0,0,0,1,0,0,金,平日
2021/5/22,602,649,156250,5,2015,20,0,0,0,0,0,1,0,土,休日
2021/5/23,535,602,156785,2,2017,19.6,0,0,0,0,0,0,1,日,休日
2021/5/24,340,535,157125,0,2017,22.1,1,0,0,0,0,0,0,月,平日
2021/5/25,542,340,157667,9,2026,22.4,0,1,0,0,0,0,0,火,平日
2021/5/26,743,542,158410,5,2031,21.1,0,0,1,0,0,0,0,水,平日
2021/5/27,684,743,159094,11,2042,16.9,0,0,0,1,0,0,0,木,平日
2021/5/28,614,684,159708,6,2048,20.5,0,0,0,0,1,0,0,金,平日
2021/5/29,539,614,160247,6,2054,22.8,0,0,0,0,0,1,0,土,休日
2021/5/30,448,539,160695,0,2054,21.2,0,0,0,0,0,0,1,日,休日
2021/5/31,260,448,160955,1,2055,20.6,1,0,0,0,0,0,0,月,平日
2021/6/1,471,260,161426,7,2062,20.1,0,1,0,0,0,0,0,火,平日
2021/6/2,487,471,161913,13,2075,22,0,0,1,0,0,0,0,水,平日
2021/6/3,508,487,162421,16,2091,22.1,0,0,0,1,0,0,0,木,平日
2021/6/4,472,508,162893,4,2095,21,0,0,0,0,1,0,0,金,平日
2021/6/5,436,472,163329,8,2103,22.1,0,0,0,0,0,1,0,土,休日
2021/6/6,351,436,163680,5,2108,21.7,0,0,0,0,0,0,1,日,休日
2021/6/7,235,351,163915,3,2111,23.4,1,0,0,0,0,0,0,月,平日
2021/6/8,369,235,164284,10,2121,24.8,0,1,0,0,0,0,0,火,平日
2021/6/9,440,369,164724,7,2128,24.5,0,0,1,0,0,0,0,水,平日
2021/6/10,439,440,165163,6,2134,24.1,0,0,0,1,0,0,0,木,平日
2021/6/11,435,439,165598,8,2142,23.7,0,0,0,0,1,0,0,金,平日
2021/6/12,467,435,166065,8,2150,23.3,0,0,0,0,0,1,0,土,休日
2021/6/13,304,467,166369,6,2156,24.3,0,0,0,0,0,0,1,日,休日
2021/6/14,209,304,166578,3,2159,21,1,0,0,0,0,0,0,月,平日
2021/6/15,337,209,166915,12,2171,23.4,0,1,0,0,0,0,0,火,平日
2021/6/16,501,337,167416,12,2183,22.2,0,0,1,0,0,0,0,水,平日
2021/6/17,452,501,167868,7,2190,21.8,0,0,0,1,0,0,0,木,平日
2021/6/18,453,452,168321,2,2192,22.8,0,0,0,0,1,0,0,金,平日
2021/6/19,388,453,168709,4,2196,20.3,0,0,0,0,0,1,0,土,休日
2021/6/20,376,388,169085,1,2197,22.8,0,0,0,0,0,0,1,日,休日
2021/6/21,236,376,169321,1,2198,22.9,1,0,0,0,0,0,0,月,平日
2021/6/22,435,236,169756,5,2203,23.1,0,1,0,0,0,0,0,火,平日
2021/6/23,619,435,170375,10,2213,22,0,0,1,0,0,0,0,水,平日
2021/6/24,570,619,170945,3,2216,22.8,0,0,0,1,0,0,0,木,平日
2021/6/25,562,570,171507,2,2218,23.3,0,0,0,0,1,0,0,金,平日
2021/6/26,534,562,172041,4,2222,24.2,0,0,0,0,0,1,0,土,休日
2021/6/27,386,534,172427,1,2223,23.7,0,0,0,0,0,0,1,日,休日
