Snc̃R[h,s{,s撬,_N,PCRzҐ,RzҐ,PCRAҐ,RAҐ,l(7Ԉړ),z
130001,s,,2020/2/15,8,,122,,0,
130001,s,,2020/2/16,5,,69,,0,
130001,s,,2020/2/17,3,,4,,0,
130001,s,,2020/2/18,0,,24,,0,
130001,s,,2020/2/19,3,,77,,0,
130001,s,,2020/2/20,2,,58,,0,
130001,s,,2020/2/21,2,,33,,58.6,0.056
130001,s,,2020/2/22,1,,33,,44.9,0.051
130001,s,,2020/2/23,1,,6,,35.3,0.049
130001,s,,2020/2/24,1,,13,,36.3,0.039
130001,s,,2020/2/25,0,,44,,39.1,0.036
130001,s,,2020/2/26,3,,48,,35,0.041
130001,s,,2020/2/27,1,,67,,36.1,0.036
130001,s,,2020/2/28,0,,64,,40.3,0.025
130001,s,,2020/2/29,1,,55,,43.4,0.023
130001,s,,2020/3/1,2,,12,,44.4,0.026
130001,s,,2020/3/2,0,,32,,47,0.021
130001,s,,2020/3/3,1,,73,,51.3,0.022
130001,s,,2020/3/4,4,,78,,55.7,0.023
130001,s,,2020/3/5,8,,71,,57.3,0.04
130001,s,,2020/3/6,6,,65,,58.3,0.054
130001,s,,2020/3/7,6,,88,,63.7,0.061
130001,s,,2020/3/8,0,,0,,61.7,0.058
130001,s,,2020/3/9,0,,23,,60.4,0.059
130001,s,,2020/3/10,3,,62,,59.1,0.065
130001,s,,2020/3/11,5,,114,,64.4,0.062
130001,s,,2020/3/12,2,,82,,65.1,0.048
130001,s,,2020/3/13,2,,56,,63.3,0.041
130001,s,,2020/3/14,7,,64,,60,0.045
130001,s,,2020/3/15,0,,0,,60,0.045
130001,s,,2020/3/16,0,,19,,59.4,0.046
130001,s,,2020/3/17,11,,60,,60.3,0.064
130001,s,,2020/3/18,4,,101,,58.3,0.064
130001,s,,2020/3/19,5,,44,,53.3,0.078
130001,s,,2020/3/20,6,,9,,47.1,0.1
130001,s,,2020/3/21,0,,44,,43.3,0.086
130001,s,,2020/3/22,0,,1,,43.4,0.086
130001,s,,2020/3/23,12,,44,,48.7,0.111
130001,s,,2020/3/24,14,,60,,49.1,0.119
130001,s,,2020/3/25,27,,68,,47.7,0.192
130001,s,,2020/3/26,27,,60,,53.1,0.231
130001,s,,2020/3/27,32,,111,,71.4,0.224
130001,s,,2020/3/28,49,,195,,100,0.23
130001,s,,2020/3/29,46,,285,,147.1,0.201
130001,s,,2020/3/30,0,,41,,145,0.192
130001,s,,2020/3/31,46,,99,,155.1,0.209
130001,s,,2020/4/1,54,,110,,165,0.22
130001,s,,2020/4/2,69,,400,,219.6,0.193
130001,s,,2020/4/3,78,,473,,277.9,0.176
130001,s,,2020/4/4,4,,61,,252.3,0.168
130001,s,,2020/4/5,61,,1,,213.9,0.208
130001,s,,2020/4/6,79,,277,,258.9,0.216
130001,s,,2020/4/7,60,,211,,276.9,0.209
130001,s,,2020/4/8,125,,241,,305.7,0.222
130001,s,,2020/4/9,90,,254,,287.9,0.247
130001,s,,2020/4/10,143,,219,,260.9,0.308
130001,s,,2020/4/11,159,,344,,323.4,0.317
130001,s,,2020/4/12,6,,51,,322.7,0.293
130001,s,,2020/4/13,74,,176,,307.6,0.305
130001,s,,2020/4/14,26,,65,,281.9,0.316
130001,s,,2020/4/15,33,,127,,252.4,0.301
130001,s,,2020/4/16,136,,374,,276.1,0.298
130001,s,,2020/4/17,84,,245,,271.4,0.273
130001,s,,2020/4/18,75,,284,,250.9,0.247
130001,s,,2020/4/19,60,,244,,286.1,0.244
130001,s,,2020/4/20,59,,237,,292.7,0.231
130001,s,,2020/4/21,25,,142,,303.6,0.222
130001,s,,2020/4/22,40,,221,,318,0.215
130001,s,,2020/4/23,75,,417,,315.4,0.189
130001,s,,2020/4/24,40,,280,,314.1,0.17
130001,s,,2020/4/25,47,,270,,308.1,0.16
130001,s,,2020/4/26,35,,278,,309.4,0.148
130001,s,,2020/4/27,28,,270,,309.7,0.134
130001,s,,2020/4/28,4,,123,,304,0.126
130001,s,,2020/4/29,32,,204,,300.4,0.124
130001,s,,2020/4/30,46,,454,,301.6,0.11
130001,s,,2020/5/1,18,,289,,299.7,0.1
130001,s,,2020/5/2,19,,280,,297.1,0.088
130001,s,,2020/5/3,32,,446,,320.7,0.08
130001,s,,2020/5/4,7,,260,,316.3,0.071
130001,s,,2020/5/5,9,,135,,318.7,0.073
130001,s,,2020/5/6,7,,98,,300,0.066
130001,s,,2020/5/7,25,,1106,,390.1,0.043
130001,s,,2020/5/8,20,,1203,,521,0.033
130001,s,,2020/5/9,28,,969,,620.7,0.029
130001,s,,2020/5/10,19,,647,,647.6,0.025
130001,s,,2020/5/11,25,,1167,,779.7,0.024
130001,s,,2020/5/12,15,,1484,,973.3,0.02
130001,s,,2020/5/13,10,0,1390,0,1158.3,0.018
130001,s,,2020/5/14,15,0,1459,0,1207.3,0.016
130001,s,,2020/5/15,9,0,1305,0,1220.3,0.014
130001,s,,2020/5/16,5,0,827,0,1196.7,0.012
130001,s,,2020/5/17,3,0,411,0,1160.7,0.01
130001,s,,2020/5/18,11,0,1102,5,1150.1,0.008
130001,s,,2020/5/19,11,0,1150,13,1103.7,0.008
130001,s,,2020/5/20,7,0,1057,20,1058.6,0.008
130001,s,,2020/5/21,10,1,1047,18,1001.7,0.008
130001,s,,2020/5/22,8,0,1103,15,974.9,0.008
130001,s,,2020/5/23,9,0,537,16,936.3,0.009
130001,s,,2020/5/24,5,0,354,2,928.7,0.01
130001,s,,2020/5/25,10,0,910,34,905.3,0.01
130001,s,,2020/5/26,21,0,1036,47,895.3,0.011
130001,s,,2020/5/27,12,0,1054,39,898.3,0.012
130001,s,,2020/5/28,19,1,1048,42,903.1,0.013
130001,s,,2020/5/29,20,5,1150,31,914.6,0.016
130001,s,,2020/5/30,14,0,548,51,921.9,0.017
130001,s,,2020/5/31,12,0,369,8,925.9,0.018
130001,s,,2020/6/1,27,0,1399,71,1003.4,0.019
130001,s,,2020/6/2,23,1,1423,83,1064.3,0.018
130001,s,,2020/6/3,28,1,1581,84,1148.4,0.019
130001,s,,2020/6/4,38,1,1670,87,1246.4,0.019
130001,s,,2020/6/5,16,2,1891,87,1359.3,0.017
130001,s,,2020/6/6,30,2,1106,54,1442,0.018
130001,s,,2020/6/7,3,1,410,27,1449.4,0.017
130001,s,,2020/6/8,23,0,1720,102,1499.1,0.016
130001,s,,2020/6/9,23,2,1787,101,1553.9,0.016
130001,s,,2020/6/10,41,0,1860,101,1597.9,0.016
130001,s,,2020/6/11,31,0,1795,76,1613,0.015
130001,s,,2020/6/12,56,1,2061,108,1645.9,0.018
130001,s,,2020/6/13,27,0,1078,73,1643.9,0.018
130001,s,,2020/6/14,13,1,463,27,1652.9,0.019
130001,s,,2020/6/15,21,3,1869,108,1675.1,0.019
130001,s,,2020/6/16,30,1,1785,96,1675,0.019
130001,s,,2020/6/17,29,0,1819,98,1667,0.018
130001,s,,2020/6/18,37,4,1817,95,1674.3,0.019
130001,s,,2020/6/19,75,3,2036,74,1668.9,0.021
130001,s,,2020/6/20,24,3,1047,87,1666.4,0.021
130001,s,,2020/6/21,17,0,381,30,1655.6,0.021
130001,s,,2020/6/22,47,2,1918,124,1668.4,0.023
130001,s,,2020/6/23,66,3,1791,120,1678.1,0.026
130001,s,,2020/6/24,54,1,1902,138,1699.4,0.028
130001,s,,2020/6/25,63,1,1826,126,1708.4,0.03
130001,s,,2020/6/26,71,4,2154,143,1734.7,0.029
130001,s,,2020/6/27,59,2,1280,115,1776.9,0.031
130001,s,,2020/6/28,29,3,496,41,1797,0.032
130001,s,,2020/6/29,86,11,2150,199,1847.7,0.035
130001,s,,2020/6/30,74,7,2191,163,1912.7,0.035
130001,s,,2020/7/1,128,4,2235,179,1977.1,0.039
130001,s,,2020/7/2,127,5,2252,163,2053,0.042
130001,s,,2020/7/3,133,8,2643,221,2143.4,0.045
130001,s,,2020/7/4,78,3,1432,199,2180,0.046
130001,s,,2020/7/5,85,7,722,86,2227.3,0.048
130001,s,,2020/7/6,112,15,2807,281,2337.1,0.048
130001,s,,2020/7/7,194,13,2597,215,2420.6,0.054
130001,s,,2020/7/8,207,13,3047,224,2555.6,0.056
130001,s,,2020/7/9,177,12,2932,207,2667.1,0.057
130001,s,,2020/7/10,215,21,3383,253,2791,0.059
130001,s,,2020/7/11,179,7,2142,209,2908.9,0.062
130001,s,,2020/7/12,50,3,791,120,2918,0.06
130001,s,,2020/7/13,156,21,3785,370,3077.6,0.059
130001,s,,2020/7/14,214,13,3358,349,3208.3,0.057
130001,s,,2020/7/15,278,14,3806,315,3340,0.058
130001,s,,2020/7/16,333,22,3960,286,3521.9,0.062
130001,s,,2020/7/17,252,17,3828,325,3600.4,0.062
130001,s,,2020/7/18,191,11,2617,250,3676.4,0.061
130001,s,,2020/7/19,76,2,965,100,3702,0.062
130001,s,,2020/7/20,235,28,3662,511,3716.9,0.065
130001,s,,2020/7/21,273,24,3851,399,3804.4,0.066
130001,s,,2020/7/22,325,24,4794,425,3969.4,0.065
130001,s,,2020/7/23,228,24,2314,247,3714,0.066
130001,s,,2020/7/24,102,14,1350,239,3325.9,0.067
130001,s,,2020/7/25,139,22,2480,403,3322.3,0.065
130001,s,,2020/7/26,93,7,1221,159,3370.4,0.065
130001,s,,2020/7/27,221,40,4703,564,3526.4,0.062
130001,s,,2020/7/28,366,36,4710,502,3678.9,0.064
130001,s,,2020/7/29,364,37,4344,465,3627.7,0.067
130001,s,,2020/7/30,331,17,4460,396,3969.3,0.064
130001,s,,2020/7/31,406,34,4983,468,4567.3,0.066
130001,s,,2020/8/1,190,15,3040,371,4649,0.066
130001,s,,2020/8/2,103,12,1511,164,4693.3,0.066
130001,s,,2020/8/3,336,38,4761,591,4721.6,0.069
130001,s,,2020/8/4,365,17,4329,502,4664.3,0.069
130001,s,,2020/8/5,391,34,4863,512,4748.6,0.069
130001,s,,2020/8/6,372,31,4542,496,4782.4,0.07
130001,s,,2020/8/7,329,18,4962,548,4777.6,0.067
130001,s,,2020/8/8,223,25,3218,412,4815,0.068
130001,s,,2020/8/9,105,9,1388,235,4807.4,0.068
130001,s,,2020/8/10,64,11,1101,325,4203.9,0.068
130001,s,,2020/8/11,305,38,4836,744,4305.3,0.065
130001,s,,2020/8/12,305,24,4468,602,4248,0.063
130001,s,,2020/8/13,283,19,4570,577,4249.1,0.059
130001,s,,2020/8/14,235,22,4320,641,4157.9,0.057
130001,s,,2020/8/15,176,14,2744,460,4088.7,0.056
130001,s,,2020/8/16,77,13,1136,261,4053,0.056
130001,s,,2020/8/17,232,27,4453,773,4622.1,0.055
130001,s,,2020/8/18,247,13,4677,602,4567.3,0.053
130001,s,,2020/8/19,253,34,4220,623,4528.9,0.052
130001,s,,2020/8/20,186,20,3391,595,4349.3,0.051
130001,s,,2020/8/21,221,34,4453,578,4359,0.051
130001,s,,2020/8/22,123,14,2614,384,4322,0.049
130001,s,,2020/8/23,60,8,1105,265,4315,0.049
130001,s,,2020/8/24,211,31,4389,773,4303.4,0.048
130001,s,,2020/8/25,216,21,4488,629,4277,0.048
130001,s,,2020/8/26,199,27,4543,666,4320.6,0.045
130001,s,,2020/8/27,170,20,4884,627,4536.1,0.043
130001,s,,2020/8/28,178,35,4700,680,4580,0.041
130001,s,,2020/8/29,104,10,2749,412,4600,0.04
130001,s,,2020/8/30,57,6,917,269,4573,0.04
130001,s,,2020/8/31,143,29,4004,725,4501.1,0.039
130001,s,,2020/9/1,169,23,4978,606,4561.4,0.037
130001,s,,2020/9/2,137,15,4558,652,4551,0.034
130001,s,,2020/9/3,167,15,4675,599,4516,0.034
130001,s,,2020/9/4,127,16,4894,644,4528.6,0.032
130001,s,,2020/9/5,103,17,3149,487,4597.3,0.032
130001,s,,2020/9/6,62,13,1006,255,4609.7,0.032
130001,s,,2020/9/7,153,29,4328,883,4680,0.032
130001,s,,2020/9/8,193,19,4444,772,4630.3,0.033
130001,s,,2020/9/9,160,19,4932,702,4694.7,0.033
130001,s,,2020/9/10,148,23,4273,707,4651.1,0.033
130001,s,,2020/9/11,208,21,4763,641,4644.3,0.036
130001,s,,2020/9/12,123,8,2828,420,4590.4,0.037
130001,s,,2020/9/13,49,9,1074,246,4596.4,0.036
130001,s,,2020/9/14,138,29,4240,822,4573,0.036
130001,s,,2020/9/15,159,11,4757,606,4588,0.034
130001,s,,2020/9/16,184,14,4230,616,4478.1,0.036
130001,s,,2020/9/17,182,17,3926,620,4420.1,0.037
130001,s,,2020/9/18,172,25,4807,691,4429,0.036
130001,s,,2020/9/19,125,30,2977,630,4483.7,0.036
130001,s,,2020/9/20,46,10,1033,320,4488.1,0.036
130001,s,,2020/9/21,54,14,1439,396,4013,0.037
130001,s,,2020/9/22,40,14,1307,371,3470,0.038
130001,s,,2020/9/23,235,21,5252,861,3659.3,0.038
130001,s,,2020/9/24,211,18,4649,659,3772.4,0.038
130001,s,,2020/9/25,190,25,4844,633,3772,0.039
130001,s,,2020/9/26,97,5,2645,439,3689.7,0.038
130001,s,,2020/9/27,53,10,873,235,3655.7,0.039
130001,s,,2020/9/28,155,30,4986,809,4238.1,0.037
130001,s,,2020/9/29,193,24,4953,690,4827.9,0.037
130001,s,,2020/9/30,192,17,4453,674,4680.3,0.037
130001,s,,2020/10/1,151,15,4499,654,4649.1,0.036
130001,s,,2020/10/2,151,14,4708,662,4626.7,0.034
130001,s,,2020/10/3,86,13,2749,526,4653.6,0.034
130001,s,,2020/10/4,50,6,1073,276,4687,0.033
130001,s,,2020/10/5,194,35,5016,1006,4725.7,0.034
130001,s,,2020/10/6,151,15,4878,791,4722.1,0.033
130001,s,,2020/10/7,183,30,4556,774,4751.7,0.033
130001,s,,2020/10/8,210,25,4250,622,4721.4,0.035
130001,s,,2020/10/9,163,19,4830,670,4742.4,0.036
130001,s,,2020/10/10,121,20,2602,528,4727.7,0.037
130001,s,,2020/10/11,45,11,886,315,4706.6,0.037
130001,s,,2020/10/12,193,28,4952,989,4693.9,0.037
130001,s,,2020/10/13,195,22,4719,769,4675.3,0.039
130001,s,,2020/10/14,188,25,4288,738,4631.9,0.039
130001,s,,2020/10/15,164,15,4175,693,4623.3,0.037
130001,s,,2020/10/16,173,17,4655,754,4611.4,0.038
130001,s,,2020/10/17,119,9,2842,495,4639.1,0.037
130001,s,,2020/10/18,40,3,991,270,4645.9,0.037
130001,s,,2020/10/19,162,22,4506,856,4557.9,0.036
130001,s,,2020/10/20,155,23,4377,742,4499.6,0.035
130001,s,,2020/10/21,148,16,4152,740,4473.4,0.034
130001,s,,2020/10/22,140,19,4448,674,4506.9,0.033
130001,s,,2020/10/23,179,19,4687,724,4508.3,0.033
130001,s,,2020/10/24,109,10,2504,523,4462.7,0.033
130001,s,,2020/10/25,52,2,1027,272,4469.7,0.034
130001,s,,2020/10/26,146,12,4487,904,4470.1,0.033
130001,s,,2020/10/27,178,16,4378,740,4472.3,0.033
130001,s,,2020/10/28,157,12,4095,766,4468.6,0.034
130001,s,,2020/10/29,162,20,3949,764,4413.4,0.035
130001,s,,2020/10/30,154,16,3752,754,4280.1,0.035
130001,s,,2020/10/31,107,3,2101,419,4206.4,0.035
130001,s,,2020/11/1,52,6,848,324,4188.9,0.036
130001,s,,2020/11/2,158,46,4489,968,4204.9,0.037
130001,s,,2020/11/3,123,12,1892,345,3784.9,0.039
130001,s,,2020/11/4,199,53,4513,992,3888.7,0.041
130001,s,,2020/11/5,216,40,4424,812,3974,0.043
130001,s,,2020/11/6,265,33,4745,765,4135.7,0.045
130001,s,,2020/11/7,184,18,3174,584,4325.7,0.046
130001,s,,2020/11/8,99,18,1154,321,4377.4,0.048
130001,s,,2020/11/9,206,39,4477,989,4384.6,0.049
130001,s,,2020/11/10,268,36,5059,854,4933.9,0.048
130001,s,,2020/11/11,347,40,5215,779,5023,0.051
130001,s,,2020/11/12,332,48,5574,775,5199.7,0.053
130001,s,,2020/11/13,273,64,5813,851,5370.1,0.052
130001,s,,2020/11/14,238,40,3532,718,5451.3,0.054
130001,s,,2020/11/15,87,21,1705,466,5549.4,0.052
130001,s,,2020/11/16,262,71,4750,1242,5637.1,0.054
130001,s,,2020/11/17,413,56,5908,941,5794.4,0.057
130001,s,,2020/11/18,419,51,5813,995,5922.6,0.057
130001,s,,2020/11/19,404,51,5680,1027,5984.4,0.058
130001,s,,2020/11/20,486,79,6418,1080,6136.1,0.062
130001,s,,2020/11/21,357,38,4312,803,6276.4,0.064
130001,s,,2020/11/22,168,24,2152,442,6348.9,0.065
130001,s,,2020/11/23,104,24,1842,529,5802.3,0.066
130001,s,,2020/11/24,329,88,6194,1299,5886.9,0.064
130001,s,,2020/11/25,463,62,6703,1006,6023.4,0.063
130001,s,,2020/11/26,452,48,6189,1068,6108.4,0.064
130001,s,,2020/11/27,459,55,6678,1131,6145.6,0.062
130001,s,,2020/11/28,317,45,4239,648,6108.3,0.062
130001,s,,2020/11/29,172,24,1793,394,6050.7,0.062
130001,s,,2020/11/30,312,74,5248,1078,6652.6,0.062
130001,s,,2020/12/1,459,64,6722,1097,6714.3,0.064
130001,s,,2020/12/2,445,58,6646,968,6697.6,0.064
130001,s,,2020/12/3,409,64,6428,1068,6727.9,0.063
130001,s,,2020/12/4,462,60,7365,1056,6816.4,0.062
130001,s,,2020/12/5,293,39,4480,752,6861.4,0.061
130001,s,,2020/12/6,141,22,1743,421,6853.4,0.06
130001,s,,2020/12/7,347,77,5541,1380,6943.9,0.06
130001,s,,2020/12/8,496,78,7048,1262,7021.3,0.061
130001,s,,2020/12/9,463,75,6820,1142,7076,0.061
130001,s,,2020/12/10,492,69,6659,1179,7137.4,0.062
130001,s,,2020/12/11,480,66,7176,1100,7120.1,0.063
130001,s,,2020/12/12,372,48,4776,945,7202.6,0.064
130001,s,,2020/12/13,192,24,2067,492,7266.6,0.064
130001,s,,2020/12/14,427,120,6079,1661,7401.1,0.066
130001,s,,2020/12/15,573,93,7496,1509,7513.6,0.066
130001,s,,2020/12/16,567,86,7755,1268,7681.6,0.067
130001,s,,2020/12/17,589,84,7039,1331,7773.6,0.068
130001,s,,2020/12/18,626,80,7757,1348,7914.9,0.07
130001,s,,2020/12/19,460,63,5278,915,7997,0.071
130001,s,,2020/12/20,232,40,2543,511,8075.7,0.071
130001,s,,2020/12/21,525,134,6896,1635,8204.7,0.072
130001,s,,2020/12/22,664,110,8473,1461,8352.9,0.073
130001,s,,2020/12/23,716,119,7910,1370,8415.6,0.075
130001,s,,2020/12/24,788,109,7560,1306,8518.4,0.078
130001,s,,2020/12/25,708,131,7381,1452,8498.6,0.081
130001,s,,2020/12/26,614,111,5876,1066,8634.4,0.083
130001,s,,2020/12/27,338,50,2450,652,8657.9,0.084
130001,s,,2020/12/28,665,219,6739,1770,8686.9,0.088
130001,s,,2020/12/29,793,183,7053,1411,8505.7,0.093
130001,s,,2020/12/30,873,176,5951,1159,8226.3,0.1
130001,s,,2020/12/31,521,163,3333,915,7536.1,0.105
130001,s,,2021/1/1,580,155,3205,882,6843.3,0.114
130001,s,,2021/1/2,530,226,3357,1133,6497.4,0.12
130001,s,,2021/1/3,672,206,3265,1043,6739.7,0.126
130001,s,,2021/1/4,1102,392,7365,2042,6955.1,0.135
130001,s,,2021/1/5,1545,296,10493,1945,7646.4,0.139
130001,s,,2021/1/6,1916,295,10462,1809,8549.7,0.144
130001,s,,2021/1/7,1840,294,10364,1808,9888.9,0.145
130001,s,,2021/1/8,1752,289,11446,1802,11384.1,0.142
130001,s,,2021/1/9,1216,206,7894,1310,12152.7,0.141
130001,s,,2021/1/10,715,116,3962,733,12201.3,0.14
130001,s,,2021/1/11,613,101,3899,917,11434,0.14
130001,s,,2021/1/12,1305,343,9549,2348,11329.1,0.139
130001,s,,2021/1/13,1385,199,10979,1844,11318.4,0.131
130001,s,,2021/1/14,1462,198,11042,1616,11320.1,0.125
130001,s,,2021/1/15,1321,201,11595,1709,11254,0.119
130001,s,,2021/1/16,967,150,7338,1154,11108.7,0.117
130001,s,,2021/1/17,508,80,3890,599,11044.6,0.114
130001,s,,2021/1/18,876,258,9083,2068,12009.6,0.11
130001,s,,2021/1/19,1166,147,10410,1847,12013.1,0.106
130001,s,,2021/1/20,1011,135,10151,1628,11801.4,0.103
130001,s,,2021/1/21,908,131,9480,1608,11488.4,0.098
130001,s,,2021/1/22,760,149,9493,1640,11090.7,0.093
130001,s,,2021/1/23,613,91,6487,1051,10895.4,0.09
130001,s,,2021/1/24,293,45,2491,582,10657.4,0.088
130001,s,,2021/1/25,641,187,7652,2085,10411.7,0.086
130001,s,,2021/1/26,755,112,9191,1773,10163.3,0.082
130001,s,,2021/1/27,729,86,8800,1732,9937.9,0.079
130001,s,,2021/1/28,582,92,7668,1747,9646.7,0.076
130001,s,,2021/1/29,526,98,8287,1556,9421.7,0.074
130001,s,,2021/1/30,379,85,5977,1068,9317,0.071
130001,s,,2021/1/31,198,32,2855,596,9355.6,0.069
130001,s,,2021/2/1,426,112,7179,2015,9236.6,0.065
130001,s,,2021/2/2,555,81,9816,1774,9293,0.061
130001,s,,2021/2/3,490,79,8182,1582,9148.1,0.058
130001,s,,2021/2/4,448,63,7828,1713,9142.9,0.056
130001,s,,2021/2/5,436,65,7787,1511,9047.4,0.054
130001,s,,2021/2/6,318,36,5427,1000,8943.4,0.053
130001,s,,2021/2/7,132,17,2184,546,8828.9,0.053
130001,s,,2021/2/8,371,88,6673,1891,8727.6,0.052
130001,s,,2021/2/9,430,62,8252,1680,8470.1,0.051
130001,s,,2021/2/10,355,68,7893,1563,8405.3,0.049
130001,s,,2021/2/11,194,30,3247,635,7555.9,0.049
130001,s,,2021/2/12,315,69,7039,1871,7483.7,0.047
130001,s,,2021/2/13,288,44,5846,999,7540.3,0.047
130001,s,,2021/2/14,157,31,2562,545,7599.7,0.047
130001,s,,2021/2/15,239,69,6645,2130,7608.3,0.044
130001,s,,2021/2/16,364,34,8963,1747,7706,0.042
130001,s,,2021/2/17,294,50,6869,1573,7549.9,0.041
130001,s,,2021/2/18,271,40,6379,1506,8134.1,0.04
130001,s,,2021/2/19,246,56,6508,1481,7990.9,0.039
130001,s,,2021/2/20,198,36,4598,901,7784.6,0.038
130001,s,,2021/2/21,98,18,1787,613,7673.3,0.037
130001,s,,2021/2/22,218,61,6647,2092,7664,0.037
130001,s,,2021/2/23,152,24,3467,578,6680.1,0.038
130001,s,,2021/2/24,232,49,6318,1850,6632,0.037
130001,s,,2021/2/25,276,23,6662,1534,6674.7,0.036
130001,s,,2021/2/26,228,31,6726,1458,6696.4,0.035
130001,s,,2021/2/27,167,28,4505,811,6664.7,0.034
130001,s,,2021/2/28,70,12,1708,552,6639.9,0.034
130001,s,,2021/3/1,181,44,6006,1919,6515.9,0.033
130001,s,,2021/3/2,253,43,7266,1641,7227.6,0.032
130001,s,,2021/3/3,227,33,6676,1433,7216.1,0.032
130001,s,,2021/3/4,207,43,5927,1433,7089.7,0.032
130001,s,,2021/3/5,226,44,6183,1577,7030.7,0.032
130001,s,,2021/3/6,159,22,4762,1005,7093.1,0.031
130001,s,,2021/3/7,86,14,1806,527,7106.1,0.032
130001,s,,2021/3/8,197,50,5609,1970,7059.9,0.032
130001,s,,2021/3/9,261,35,7507,1615,7090.6,0.032
130001,s,,2021/3/10,251,43,6677,1619,7122.1,0.033
130001,s,,2021/3/11,212,35,6360,1481,7190.4,0.032
130001,s,,2021/3/12,253,51,6856,1495,7279.7,0.033
130001,s,,2021/3/13,172,33,4492,1008,7245,0.033
130001,s,,2021/3/14,87,35,1867,612,7269,0.034
130001,s,,2021/3/15,236,58,6223,2052,7375.1,0.034
130001,s,,2021/3/16,312,36,7542,1707,7400.7,0.035
130001,s,,2021/3/17,231,34,6514,1480,7353.4,0.035
130001,s,,2021/3/18,234,34,6413,1446,7359,0.035
130001,s,,2021/3/19,247,47,7107,1548,7401,0.035
130001,s,,2021/3/20,189,40,3244,771,7192.3,0.036
130001,s,,2021/3/21,80,23,1512,637,7142.4,0.036
130001,s,,2021/3/22,259,84,6683,2132,7226.6,0.037
130001,s,,2021/3/23,314,49,8278,1733,7337.6,0.036
130001,s,,2021/3/24,305,48,7099,1618,7453.4,0.037
130001,s,,2021/3/25,277,62,6126,1506,7431.1,0.039
130001,s,,2021/3/26,315,55,6723,1538,7385.7,0.041
130001,s,,2021/3/27,215,28,4639,936,7610.6,0.04
130001,s,,2021/3/28,141,23,2014,590,7684.3,0.04
130001,s,,2021/3/29,219,60,6014,2085,7572.9,0.04
130001,s,,2021/3/30,311,65,7277,1748,7433.9,0.041
130001,s,,2021/3/31,325,46,6436,1550,7332,0.042
130001,s,,2021/4/1,342,48,6397,1569,7387,0.042
130001,s,,2021/4/2,321,58,7146,1558,7451.6,0.042
130001,s,,2021/4/3,221,46,5193,968,7538.7,0.042
130001,s,,2021/4/4,136,13,1955,517,7517.7,0.042
130001,s,,2021/4/5,326,99,6486,1989,7592.3,0.044
130001,s,,2021/4/6,406,58,7982,1627,7688.3,0.045
130001,s,,2021/4/7,355,45,6768,1607,7748,0.046
130001,s,,2021/4/8,407,92,6765,1611,7822.1,0.047
130001,s,,2021/4/9,401,55,7761,1424,7901.9,0.048
130001,s,,2021/4/10,298,57,5247,953,7920,0.05
130001,s,,2021/4/11,155,21,2116,559,7952.9,0.05
130001,s,,2021/4/12,344,119,6633,2275,8020.1,0.05
130001,s,,2021/4/13,487,62,8716,1893,8175.1,0.051
130001,s,,2021/4/14,440,66,8298,1749,8429.1,0.051
130001,s,,2021/4/15,507,74,7529,1596,8547.9,0.052
130001,s,,2021/4/16,475,80,7921,1681,8621.6,0.053
130001,s,,2021/4/17,364,79,5644,1067,8707.1,0.054
130001,s,,2021/4/18,191,46,2418,593,8763.9,0.054
130001,s,,2021/4/19,441,135,7173,2380,8872.1,0.056
130001,s,,2021/4/20,631,81,9795,1980,9062,0.057
130001,s,,2021/4/21,567,108,8822,1882,9180,0.059
130001,s,,2021/4/22,528,74,7518,1633,9186.7,0.059
130001,s,,2021/4/23,552,91,8149,1820,9251.7,0.06
130001,s,,2021/4/24,403,62,6350,1137,9365.7,0.06
130001,s,,2021/4/25,224,41,2208,654,9348.4,0.06
130001,s,,2021/4/26,488,128,6842,2198,9280.9,0.061
130001,s,,2021/4/27,680,126,8730,1865,9125.7,0.064
130001,s,,2021/4/28,660,117,8862,2002,9163.1,0.065
130001,s,,2021/4/29,477,30,4632,677,8600.7,0.068
130001,s,,2021/4/30,686,140,6762,2207,8484,0.072
130001,s,,2021/5/1,638,108,7125,1295,8657.4,0.075
130001,s,,2021/5/2,399,84,3978,834,8967.1,0.076
130001,s,,2021/5/3,375,102,3546,1100,8319.6,0.079
130001,s,,2021/5/4,473,102,4109,908,7489.7,0.084
130001,s,,2021/5/5,369,75,3699,1070,6571.4,0.088
130001,s,,2021/5/6,567,156,7463,2618,7284,0.084
130001,s,,2021/5/7,871,156,11554,2348,8017.4,0.08
130001,s,,2021/5/8,670,84,7440,1275,8060.7,0.079
130001,s,,2021/5/9,291,55,2889,732,7871,0.079
130001,s,,2021/5/10,641,133,8301,2688,8819.6,0.075
130001,s,,2021/5/11,718,89,9692,2075,9817,0.071
130001,s,,2021/5/12,623,81,8793,1970,10710.4,0.068
130001,s,,2021/5/13,529,82,8038,1729,10649.6,0.067
130001,s,,2021/5/14,543,86,8189,1763,10028.4,0.066
130001,s,,2021/5/15,417,68,6661,1155,9861.6,0.063
130001,s,,2021/5/16,223,35,2545,622,9784.1,0.062
130001,s,,2021/5/17,442,102,7507,2544,9617.3,0.06
130001,s,,2021/5/18,560,71,9138,1990,9500.9,0.058
130001,s,,2021/5/19,529,78,8138,1647,9347.3,0.058
130001,s,,2021/5/20,434,54,7213,1727,9211.6,0.056
130001,s,,2021/5/21,453,75,8020,1777,9175,0.055
130001,s,,2021/5/22,330,59,5655,1041,9001.3,0.055
130001,s,,2021/5/23,178,29,2702,622,9016.4,0.054
130001,s,,2021/5/24,358,97,6596,2266,8833.9,0.053
130001,s,,2021/5/25,476,65,8407,1933,8708.4,0.053
130001,s,,2021/5/26,469,62,7431,1801,8618.6,0.052
130001,s,,2021/5/27,408,61,6703,1601,8525,0.052
130001,s,,2021/5/28,413,55,7174,1633,8375,0.052
130001,s,,2021/5/29,289,45,5460,949,8326.1,0.052
130001,s,,2021/5/30,154,28,1895,562,8198.7,0.052
130001,s,,2021/5/31,322,94,6162,2111,8109,0.052
130001,s,,2021/6/1,364,67,7771,1942,8003.7,0.051
130001,s,,2021/6/2,312,52,6811,1704,7877.4,0.048
130001,s,,2021/6/3,332,60,6827,1729,7902.4,0.047
130001,s,,2021/6/4,333,49,7410,1566,7914.3,0.045
130001,s,,2021/6/5,221,40,5351,1007,7896.6,0.044
130001,s,,2021/6/6,116,20,1830,630,7890.4,0.043
130001,s,,2021/6/7,256,48,6418,2181,7921,0.041
130001,s,,2021/6/8,332,49,7282,1914,7840,0.04
130001,s,,2021/6/9,269,43,6290,1775,7768.3,0.04
130001,s,,2021/6/10,278,48,6180,1661,7656.7,0.039
130001,s,,2021/6/11,286,65,6718,1659,7566.7,0.039
130001,s,,2021/6/12,211,39,4875,1016,7498.4,0.039
130001,s,,2021/6/13,104,21,1922,611,7507.3,0.039
130001,s,,2021/6/14,248,58,6229,2233,7488,0.039
130001,s,,2021/6/15,368,45,7469,1923,7520.6,0.04
130001,s,,2021/6/16,314,53,6351,1720,7529.3,0.041
130001,s,,2021/6/17,279,46,5989,1634,7498,0.041
130001,s,,2021/6/18,289,45,6395,1577,7437.7,0.041
130001,s,,2021/6/19,228,46,4607,919,7389,0.041
130001,s,,2021/6/20,115,21,1781,621,7371.9,0.042
130001,s,,2021/6/21,288,97,5929,2212,7337.3,0.043
130001,s,,2021/6/22,448,68,7446,1820,7334,0.046
130001,s,,2021/6/23,351,74,6770,1770,7409.3,0.046
130001,s,,2021/6/24,351,62,6457,1620,7486.7,0.047
130001,s,,2021/6/25,448,61,7328,1614,7650.3,0.05
130001,s,,2021/6/26,267,34,4651,1050,7679.1,0.05
130001,s,,2021/6/27,147,31,1720,620,7676.3,0.051
130001,s,,2021/6/28,319,84,5855,2221,7669.6,0.051
130001,s,,2021/6/29,445,58,7720,1842,7710,0.051
130001,s,,2021/6/30,399,61,6435,1580,7640,0.052
130001,s,,2021/7/1,391,64,5074,1323,7406,0.054
130001,s,,2021/7/2,307,63,4014,850,6803.6,0.056
