ì˙ït,ä¥êıé“êî1ì˙,ÉâÉOïœêî,ä¥êıé“êîó›åv,éÄé“êî1ì˙,éÄé“êîó›åv,ïΩãœãCâ∑,åé,âŒ,êÖ,ñÿ,ã‡,ìy,ì˙,ójì˙,ïΩì˙ãxì˙,S,I,R,D,V,T,pop,rrI,rdI,,,,,pop2
2020/1/16,0,0,0,0,0,6.7,0,0,0,1,0,0,0,ñÿ,ïΩì˙,13951636,0,0,0,0,0,13951636,0,0,,,,202001,13951636
2020/1/17,0,0,0,0,0,7.3,0,0,0,0,1,0,0,ã‡,ïΩì˙,13951636,0,0,0,0,0,13951636,0,0,,,,202002,13953577
2020/1/18,0,0,0,0,0,3.8,0,0,0,0,0,1,0,ìy,ãxì˙,13951636,0,0,0,0,0,13951636,0,0,,,,202003,13951791
2020/1/19,0,0,0,0,0,6.5,0,0,0,0,0,0,1,ì˙,ãxì˙,13951636,0,0,0,0,0,13951636,0,0,,,,202004,13982622
2020/1/20,0,0,0,0,0,7.5,1,0,0,0,0,0,0,åé,ïΩì˙,13951636,0,0,0,0,0,13951636,0,0,,,,202005,14002973
2020/1/21,0,0,0,0,0,7.4,0,1,0,0,0,0,0,âŒ,ïΩì˙,13951636,0,0,0,0,0,13951636,0,0,,,,202006,13999568
2020/1/22,0,0,0,0,0,4.9,0,0,1,0,0,0,0,êÖ,ïΩì˙,13951636,0,0,0,0,0,13951636,0,0,,,,202007,13999624
2020/1/23,0,0,0,0,0,6.1,0,0,0,1,0,0,0,ñÿ,ïΩì˙,13951636,0,0,0,0,0,13951636,0,0,,,,202008,13993721
2020/1/24,1,0,1,0,0,9.9,0,0,0,0,1,0,0,ã‡,ïΩì˙,13951636,0,0,0,0,1,13951636,0,0,,,,202009,13981782
2020/1/25,1,1,2,0,0,7.8,0,0,0,0,0,1,0,ìy,ãxì˙,13951635,1,0,0,0,1,13951636,0,0,,,,202010,13971109
2020/1/26,0,1,2,0,0,5,0,0,0,0,0,0,1,ì˙,ãxì˙,13951634,2,0,0,0,0,13951636,0,0,,,,202011,13963751
2020/1/27,0,0,2,0,0,5.1,1,0,0,0,0,0,0,åé,ïΩì˙,13951634,2,0,0,0,0,13951636,0,0,,,,202012,13962725
2020/1/28,0,0,2,0,0,4.4,0,1,0,0,0,0,0,âŒ,ïΩì˙,13951634,2,0,0,0,0,13951636,0,0,,,,202101,13960236
2020/1/29,0,0,2,0,0,11.8,0,0,1,0,0,0,0,êÖ,ïΩì˙,13951634,2,0,0,0,0,13951636,0,0,,,,202102,13952915
2020/1/30,1,0,3,0,0,11.7,0,0,0,1,0,0,0,ñÿ,ïΩì˙,13951634,2,0,0,0,1,13951636,0,0,,,,202103,13942024
2020/1/31,0,1,3,0,0,8.1,0,0,0,0,1,0,0,ã‡,ïΩì˙,13951633,3,0,0,0,0,13951636,0,0,,,,202104,13957179
2020/2/1,0,0,3,0,0,7.9,0,0,0,0,0,1,0,ìy,ãxì˙,13951633,3,0,0,0,0,13953577,0,0,,,,202105,13963056
2020/2/2,0,0,3,0,0,8.7,0,0,0,0,0,0,1,ì˙,ãxì˙,13951633,3,0,0,0,0,13953577,0,0,,,,202106,13957977
2020/2/3,0,0,3,0,0,9.3,1,0,0,0,0,0,0,åé,ïΩì˙,13951633,3,0,0,0,0,13953577,0,0,,,,,
2020/2/4,0,0,3,0,0,7.9,0,1,0,0,0,0,0,âŒ,ïΩì˙,13951633,3,0,0,0,0,13953577,0,0,,,,,
2020/2/5,0,0,3,0,0,7.6,0,0,1,0,0,0,0,êÖ,ïΩì˙,13951633,3,0,0,0,0,13953577,0,0,,,,,
2020/2/6,0,0,3,0,0,2.9,0,0,0,1,0,0,0,ñÿ,ïΩì˙,13951633,3,0,0,0,0,13953577,0,0,,,,,
2020/2/7,0,0,3,0,0,2.4,0,0,0,0,1,0,0,ã‡,ïΩì˙,13951633,3,0,0,0,0,13953577,0,0,,,,,
2020/2/8,0,0,3,0,0,6.2,0,0,0,0,0,1,0,ìy,ãxì˙,13951633,3,0,0,0,0,13953577,0,0,,,,,
2020/2/9,0,0,3,0,0,3.9,0,0,0,0,0,0,1,ì˙,ãxì˙,13951633,3,0,0,0,0,13953577,0,0,,,,,
2020/2/10,0,0,3,0,0,4.6,1,0,0,0,0,0,0,åé,ïΩì˙,13951633,3,0,0,0,0,13953577,0,0,,,,,
2020/2/11,0,0,3,0,0,6.3,0,1,0,0,0,0,0,âŒ,ïΩì˙,13951633,3,0,0,0,0,13953577,0,0,,,,,
2020/2/12,0,0,3,0,0,8.7,0,0,1,0,0,0,0,êÖ,ïΩì˙,13951633,3,0,0,0,0,13953577,0,0,,,,,
2020/2/13,1,0,4,0,0,11.7,0,0,0,1,0,0,0,ñÿ,ïΩì˙,13951633,3,0,0,0,1,13953577,0,0,,,,,
2020/2/14,2,1,6,0,0,12,0,0,0,0,1,0,0,ã‡,ïΩì˙,13951632,4,0,0,0,2,13953577,0,0,,,,,
2020/2/15,8,2,14,0,0,12.4,0,0,0,0,0,1,0,ìy,ãxì˙,13951630,6,0,0,0,8,13953577,0,0,,,,,
2020/2/16,5,8,19,0,0,9.3,0,0,0,0,0,0,1,ì˙,ãxì˙,13951622,14,0,0,0,5,13953577,0,0,,,,,
2020/2/17,0,5,19,0,0,10.3,1,0,0,0,0,0,0,åé,ïΩì˙,13951617,19,0,0,0,0,13953577,0,0,,,,,
2020/2/18,3,0,22,0,0,7.6,0,1,0,0,0,0,0,âŒ,ïΩì˙,13951617,19,0,0,0,3,13953577,0,0,,,,,
2020/2/19,3,3,25,0,0,8.1,0,0,1,0,0,0,0,êÖ,ïΩì˙,13951614,22,0,0,0,3,13953577,0,0,,,,,
2020/2/20,0,3,25,0,0,9,0,0,0,1,0,0,0,ñÿ,ïΩì˙,13951611,25,0,0,0,0,13953577,0,0,,,,,
2020/2/21,3,0,28,0,0,10,0,0,0,0,1,0,0,ã‡,ïΩì˙,13951611,25,0,0,0,3,13953577,0,0,,,,,
2020/2/22,1,3,29,0,0,12.5,0,0,0,0,0,1,0,ìy,ãxì˙,13951608,28,0,0,0,1,13953577,0,0,,,,,
2020/2/23,0,1,29,0,0,10.4,0,0,0,0,0,0,1,ì˙,ãxì˙,13951607,29,0,0,0,0,13953577,0,0,,,,,
2020/2/24,3,0,32,0,0,9.8,1,0,0,0,0,0,0,åé,ïΩì˙,13951607,29,0,0,0,3,13953577,0,0,,,,,
2020/2/25,0,3,32,0,0,10.5,0,1,0,0,0,0,0,âŒ,ïΩì˙,13951604,32,0,0,0,0,13953577,0,1,,,,,
2020/2/26,3,0,35,1,1,8.1,0,0,1,0,0,0,0,êÖ,ïΩì˙,13951604,31,0,1,0,3,13953577,0,0,,,,,
2020/2/27,1,3,36,0,1,7,0,0,0,1,0,0,0,ñÿ,ïΩì˙,13951601,34,0,1,0,1,13953577,15,0,,,,,
2020/2/28,0,1,36,0,1,7,0,0,0,0,1,0,0,ã‡,ïΩì˙,13951600,20,15,1,0,0,13953577,0,0,,,,,
2020/2/29,1,0,37,0,1,9.4,0,0,0,0,0,1,0,ìy,ãxì˙,13951600,20,15,1,0,1,13953577,0,0,,,,,
2020/3/1,2,1,39,0,1,12,0,0,0,0,0,0,1,ì˙,ãxì˙,13951599,21,15,1,0,2,13951791,0,0,,,,,
2020/3/2,0,2,39,0,1,7.3,1,0,0,0,0,0,0,åé,ïΩì˙,13951597,23,15,1,0,0,13951791,2,0,,,,,
2020/3/3,1,0,40,0,1,11.3,0,1,0,0,0,0,0,âŒ,ïΩì˙,13951597,21,17,1,0,1,13951791,0,0,,,,,
2020/3/4,4,1,44,0,1,8.9,0,0,1,0,0,0,0,êÖ,ïΩì˙,13951596,22,17,1,0,4,13951791,2,0,,,,,
2020/3/5,8,4,52,0,1,9.2,0,0,0,1,0,0,0,ñÿ,ïΩì˙,13951592,24,19,1,0,8,13951791,1,0,,,,,
2020/3/6,6,8,58,0,1,9.4,0,0,0,0,1,0,0,ã‡,ïΩì˙,13951584,31,20,1,0,6,13951791,0,0,,,,,
2020/3/7,6,6,64,0,1,7.3,0,0,0,0,0,1,0,ìy,ãxì˙,13951578,37,20,1,0,6,13951791,0,0,,,,,
2020/3/8,0,6,64,0,1,7.2,0,0,0,0,0,0,1,ì˙,ãxì˙,13951572,43,20,1,0,0,13951791,2,1,,,,,
2020/3/9,0,0,64,1,2,13.1,1,0,0,0,0,0,0,åé,ïΩì˙,13951572,40,22,2,0,0,13951791,0,0,,,,,
2020/3/10,3,0,67,0,2,14.7,0,1,0,0,0,0,0,âŒ,ïΩì˙,13951572,40,22,2,0,3,13951791,0,0,,,,,
2020/3/11,6,3,73,0,2,15.3,0,0,1,0,0,0,0,êÖ,ïΩì˙,13951569,43,22,2,0,6,13951791,0,0,,,,,
2020/3/12,2,6,75,0,2,11.4,0,0,0,1,0,0,0,ñÿ,ïΩì˙,13951563,49,22,2,0,2,13951791,0,0,,,,,
2020/3/13,2,2,77,0,2,12.5,0,0,0,0,1,0,0,ã‡,ïΩì˙,13951561,51,22,2,0,2,13951791,0,0,,,,,
2020/3/14,10,2,87,0,2,5.5,0,0,0,0,0,1,0,ìy,ãxì˙,13951559,53,22,2,0,10,13951791,0,0,,,,,
2020/3/15,3,10,90,0,2,7.1,0,0,0,0,0,0,1,ì˙,ãxì˙,13951549,63,22,2,0,3,13951791,0,0,,,,,
2020/3/16,0,3,90,0,2,7.1,1,0,0,0,0,0,0,åé,ïΩì˙,13951546,66,22,2,0,0,13951791,8,0,,,,,
2020/3/17,12,0,102,0,2,7.7,0,1,0,0,0,0,0,âŒ,ïΩì˙,13951546,58,30,2,0,12,13951791,0,0,,,,,
2020/3/18,9,12,111,0,2,11.9,0,0,1,0,0,0,0,êÖ,ïΩì˙,13951534,70,30,2,0,9,13951791,1,0,,,,,
2020/3/19,7,9,118,0,2,14.6,0,0,0,1,0,0,0,ñÿ,ïΩì˙,13951525,78,31,2,0,7,13951791,0,1,,,,,
2020/3/20,11,7,129,1,3,14.5,0,0,0,0,1,0,0,ã‡,ïΩì˙,13951518,84,31,3,0,11,13951791,0,1,,,,,
2020/3/21,7,11,136,1,4,13.8,0,0,0,0,0,1,0,ìy,ãxì˙,13951507,94,31,4,0,7,13951791,0,0,,,,,
2020/3/22,3,7,139,0,4,16.8,0,0,0,0,0,0,1,ì˙,ãxì˙,13951500,101,31,4,0,3,13951791,0,0,,,,,
2020/3/23,16,3,155,0,4,10.3,1,0,0,0,0,0,0,åé,ïΩì˙,13951497,104,31,4,0,16,13951791,0,1,,,,,
2020/3/24,18,16,173,1,5,8.2,0,1,0,0,0,0,0,âŒ,ïΩì˙,13951481,119,31,5,0,18,13951791,0,0,,,,,
2020/3/25,41,18,214,0,5,10,0,0,1,0,0,0,0,êÖ,ïΩì˙,13951463,137,31,5,0,41,13951791,0,0,,,,,
2020/3/26,46,41,260,0,5,13,0,0,0,1,0,0,0,ñÿ,ïΩì˙,13951422,178,31,5,0,46,13951791,8,1,,,,,
2020/3/27,40,46,300,1,6,16.2,0,0,0,0,1,0,0,ã‡,ïΩì˙,13951376,215,39,6,0,40,13951791,1,1,,,,,
2020/3/28,64,40,364,1,7,15.5,0,0,0,0,0,1,0,ìy,ãxì˙,13951336,253,40,7,0,64,13951791,0,1,,,,,
2020/3/29,72,64,436,1,8,3.6,0,0,0,0,0,0,1,ì˙,ãxì˙,13951272,316,40,8,0,72,13951791,0,1,,,,,
2020/3/30,12,72,448,1,9,7.6,1,0,0,0,0,0,0,åé,ïΩì˙,13951200,387,40,9,0,12,13951791,0,7,,,,,
2020/3/31,78,12,526,7,16,9.8,0,1,0,0,0,0,0,âŒ,ïΩì˙,13951188,392,40,16,0,78,13951791,0,0,,,,,
2020/4/1,67,78,593,0,16,11.4,0,0,1,0,0,0,0,êÖ,ïΩì˙,13951110,470,40,16,0,67,13982622,0,0,,,,,
2020/4/2,98,67,691,0,16,13.9,0,0,0,1,0,0,0,ñÿ,ïΩì˙,13951043,537,40,16,0,98,13982622,11,2,,,,,
2020/4/3,92,98,783,2,18,12.8,0,0,0,0,1,0,0,ã‡,ïΩì˙,13950945,622,51,18,0,92,13982622,0,5,,,,,
2020/4/4,118,92,901,5,23,15.7,0,0,0,0,0,1,0,ìy,ãxì˙,13950853,709,51,23,0,118,13982622,1,7,,,,,
2020/4/5,141,118,1042,7,30,10.2,0,0,0,0,0,0,1,ì˙,ãxì˙,13950735,819,52,30,0,141,13982622,0,0,,,,,
2020/4/6,85,141,1127,0,30,12.1,1,0,0,0,0,0,0,åé,ïΩì˙,13950594,960,52,30,0,85,13982622,0,1,,,,,
2020/4/7,87,85,1214,1,31,12.4,0,1,0,0,0,0,0,âŒ,ïΩì˙,13950509,1044,52,31,0,87,13982622,0,4,,,,,
2020/4/8,156,87,1370,4,35,14.3,0,0,1,0,0,0,0,êÖ,ïΩì˙,13950422,1127,52,35,0,156,13982622,0,1,,,,,
2020/4/9,183,156,1553,1,36,13.3,0,0,0,1,0,0,0,ñÿ,ïΩì˙,13950266,1282,52,36,0,183,13982622,0,4,,,,,
2020/4/10,199,183,1752,4,40,11.2,0,0,0,0,1,0,0,ã‡,ïΩì˙,13950083,1461,52,40,0,199,13982622,0,0,,,,,
2020/4/11,198,199,1950,0,40,11.4,0,0,0,0,0,1,0,ìy,ãxì˙,13949884,1660,52,40,0,198,13982622,0,2,,,,,
2020/4/12,174,198,2124,2,42,10.3,0,0,0,0,0,0,1,ì˙,ãxì˙,13949686,1856,52,42,0,174,13982622,0,0,,,,,
2020/4/13,100,174,2224,0,42,8,1,0,0,0,0,0,0,åé,ïΩì˙,13949512,2030,52,42,0,100,13982622,0,5,,,,,
2020/4/14,159,100,2383,5,47,10.9,0,1,0,0,0,0,0,âŒ,ïΩì˙,13949412,2125,52,47,0,159,13982622,0,6,,,,,
2020/4/15,127,159,2510,6,53,13.8,0,0,1,0,0,0,0,êÖ,ïΩì˙,13949253,2278,52,53,0,127,13982622,0,3,,,,,
2020/4/16,151,127,2661,3,56,11.7,0,0,0,1,0,0,0,ñÿ,ïΩì˙,13949126,2402,52,56,0,151,13982622,0,7,,,,,
2020/4/17,206,151,2867,7,63,12.4,0,0,0,0,1,0,0,ã‡,ïΩì˙,13948975,2546,52,63,0,206,13982622,164,5,,,,,
2020/4/18,186,206,3053,5,68,12.9,0,0,0,0,0,1,0,ìy,ãxì˙,13948769,2583,216,68,0,186,13982622,81,3,,,,,
2020/4/19,109,186,3162,3,71,14.7,0,0,0,0,0,0,1,ì˙,ãxì˙,13948583,2685,297,71,0,109,13982622,303,6,,,,,
2020/4/20,101,109,3263,6,77,9.7,1,0,0,0,0,0,0,åé,ïΩì˙,13948474,2485,600,77,0,101,13982622,25,4,,,,,
2020/4/21,123,101,3386,4,81,14.2,0,1,0,0,0,0,0,âŒ,ïΩì˙,13948373,2557,625,81,0,123,13982622,272,0,,,,,
2020/4/22,123,123,3509,0,81,13.5,0,0,1,0,0,0,0,êÖ,ïΩì˙,13948250,2408,897,81,0,123,13982622,40,6,,,,,
2020/4/23,134,123,3643,6,87,11.9,0,0,0,1,0,0,0,ñÿ,ïΩì˙,13948127,2485,937,87,0,134,13982622,15,6,,,,,
2020/4/24,170,134,3813,6,93,12.2,0,0,0,0,1,0,0,ã‡,ïΩì˙,13947993,2598,952,93,0,170,13982622,18,7,,,,,
2020/4/25,119,170,3932,7,100,12.7,0,0,0,0,0,1,0,ìy,ãxì˙,13947823,2743,970,100,0,119,13982622,24,0,,,,,
2020/4/26,82,119,4014,0,100,18.3,0,0,0,0,0,0,1,ì˙,ãxì˙,13947704,2838,994,100,0,82,13982622,179,6,,,,,
2020/4/27,41,82,4055,6,106,12.8,1,0,0,0,0,0,0,åé,ïΩì˙,13947622,2735,1173,106,0,41,13982622,88,2,,,,,
2020/4/28,113,41,4168,2,108,12.3,0,1,0,0,0,0,0,âŒ,ïΩì˙,13947581,2686,1261,108,0,113,13982622,10,9,,,,,
2020/4/29,47,113,4215,9,117,15.1,0,0,1,0,0,0,0,êÖ,ïΩì˙,13947468,2780,1271,117,0,47,13982622,153,3,,,,,
2020/4/30,59,47,4274,3,120,18,0,0,0,1,0,0,0,ñÿ,ïΩì˙,13947421,2671,1424,120,0,59,13982622,94,6,,,,,
2020/5/1,165,59,4439,6,126,19.9,0,0,0,0,1,0,0,ã‡,ïΩì˙,13947362,2630,1518,126,0,165,14002973,32,15,,,,,
2020/5/2,154,165,4593,15,141,20.6,0,0,0,0,0,1,0,ìy,ãxì˙,13947197,2748,1550,141,0,154,14002973,17,4,,,,,
2020/5/3,93,154,4686,4,145,20.7,0,0,0,0,0,0,1,ì˙,ãxì˙,13947043,2881,1567,145,0,93,14002973,22,5,,,,,
2020/5/4,87,93,4773,5,150,19.3,1,0,0,0,0,0,0,åé,ïΩì˙,13946950,2947,1589,150,0,87,14002973,23,0,,,,,
2020/5/5,57,87,4830,0,150,21.3,0,1,0,0,0,0,0,âŒ,ïΩì˙,13946863,3011,1612,150,0,57,14002973,7,5,,,,,
2020/5/6,37,57,4867,5,155,15.8,0,0,1,0,0,0,0,êÖ,ïΩì˙,13946806,3056,1619,155,0,37,14002973,313,5,,,,,
2020/5/7,23,37,4890,5,160,16.5,0,0,0,1,0,0,0,ñÿ,ïΩì˙,13946769,2775,1932,160,0,23,14002973,204,11,,,,,
2020/5/8,39,23,4929,11,171,16.7,0,0,0,0,1,0,0,ã‡,ïΩì˙,13946746,2583,2136,171,0,39,14002973,16,9,,,,,
2020/5/9,36,39,4965,9,180,18.3,0,0,0,0,0,1,0,ìy,ãxì˙,13946707,2597,2152,180,0,36,14002973,18,0,,,,,
2020/5/10,22,36,4987,0,180,21.5,0,0,0,0,0,0,1,ì˙,ãxì˙,13946671,2615,2170,180,0,22,14002973,15,9,,,,,
2020/5/11,15,22,5002,9,189,22.9,1,0,0,0,0,0,0,åé,ïΩì˙,13946649,2613,2185,189,0,15,14002973,716,7,,,,,
2020/5/12,27,15,5029,7,196,21.7,0,1,0,0,0,0,0,âŒ,ïΩì˙,13946634,1905,2901,196,0,27,14002973,138,7,,,,,
2020/5/13,10,27,5039,7,203,22.3,0,0,1,0,0,0,0,êÖ,ïΩì˙,13946607,1787,3039,203,0,10,14002973,193,9,,,,,
2020/5/14,30,10,5069,9,212,20.8,0,0,0,1,0,0,0,ñÿ,ïΩì˙,13946597,1595,3232,212,0,30,14002973,154,7,,,,,
2020/5/15,9,30,5078,7,219,21.5,0,0,0,0,1,0,0,ã‡,ïΩì˙,13946567,1464,3386,219,0,9,14002973,88,11,,,,,
2020/5/16,14,9,5092,11,230,18.5,0,0,0,0,0,1,0,ìy,ãxì˙,13946558,1374,3474,230,0,14,14002973,38,7,,,,,
2020/5/17,5,14,5097,7,237,21.6,0,0,0,0,0,0,1,ì˙,ãxì˙,13946544,1343,3512,237,0,5,14002973,120,4,,,,,
2020/5/18,10,5,5107,4,241,19.2,1,0,0,0,0,0,0,åé,ïΩì˙,13946539,1224,3632,241,0,10,14002973,216,3,,,,,
2020/5/19,5,10,5112,3,244,17.7,0,1,0,0,0,0,0,âŒ,ïΩì˙,13946529,1015,3848,244,0,5,14002973,93,3,,,,,
2020/5/20,5,5,5117,3,247,12.7,0,0,1,0,0,0,0,êÖ,ïΩì˙,13946524,924,3941,247,0,5,14002973,132,9,,,,,
2020/5/21,11,5,5128,9,256,12.7,0,0,0,1,0,0,0,ñÿ,ïΩì˙,13946519,788,4073,256,0,11,14002973,116,7,,,,,
2020/5/22,3,11,5131,7,263,15.3,0,0,0,0,1,0,0,ã‡,ïΩì˙,13946508,676,4189,263,0,3,14002973,40,8,,,,,
2020/5/23,2,3,5133,8,271,18.4,0,0,0,0,0,1,0,ìy,ãxì˙,13946505,631,4229,271,0,2,14002973,10,9,,,,,
2020/5/24,14,2,5147,9,280,20.8,0,0,0,0,0,0,1,ì˙,ãxì˙,13946503,614,4239,280,0,14,14002973,72,8,,,,,
2020/5/25,8,14,5155,8,288,21.6,1,0,0,0,0,0,0,åé,ïΩì˙,13946489,548,4311,288,0,8,14002973,68,4,,,,,
2020/5/26,10,8,5165,4,292,20.9,0,1,0,0,0,0,0,âŒ,ïΩì˙,13946481,484,4379,292,0,10,14002973,34,4,,,,,
2020/5/27,11,10,5176,4,296,21.4,0,0,1,0,0,0,0,êÖ,ïΩì˙,13946471,456,4413,296,0,11,14002973,30,3,,,,,
2020/5/28,15,11,5191,3,299,19.4,0,0,0,1,0,0,0,ñÿ,ïΩì˙,13946460,434,4443,299,0,15,14002973,58,3,,,,,
2020/5/29,21,15,5212,3,302,20.7,0,0,0,0,1,0,0,ã‡,ïΩì˙,13946445,388,4501,302,0,21,14002973,7,2,,,,,
2020/5/30,14,21,5226,2,304,22,0,0,0,0,0,1,0,ìy,ãxì˙,13946424,400,4508,304,0,14,14002973,2,1,,,,,
2020/5/31,5,14,5231,1,305,21.3,0,0,0,0,0,0,1,ì˙,ãxì˙,13946410,411,4510,305,0,5,14002973,29,0,,,,,
2020/6/1,13,5,5244,0,305,19.6,1,0,0,0,0,0,0,åé,ïΩì˙,13946405,387,4539,305,0,13,13999568,47,1,,,,,
2020/6/2,34,13,5278,1,306,22.3,0,1,0,0,0,0,0,âŒ,ïΩì˙,13946392,352,4586,306,0,34,13999568,37,0,,,,,
2020/6/3,12,34,5290,0,306,24,0,0,1,0,0,0,0,êÖ,ïΩì˙,13946358,349,4623,306,0,12,13999568,25,1,,,,,
2020/6/4,28,12,5318,1,307,23.5,0,0,0,1,0,0,0,ñÿ,ïΩì˙,13946346,335,4648,307,0,28,13999568,39,2,,,,,
2020/6/5,20,28,5338,2,309,24.8,0,0,0,0,1,0,0,ã‡,ïΩì˙,13946318,322,4687,309,0,20,13999568,8,2,,,,,
2020/6/6,26,20,5364,2,311,24.2,0,0,0,0,0,1,0,ìy,ãxì˙,13946298,332,4695,311,0,26,13999568,1,0,,,,,
2020/6/7,14,26,5378,0,311,22,0,0,0,0,0,0,1,ì˙,ãxì˙,13946272,357,4696,311,0,14,13999568,20,0,,,,,
2020/6/8,13,14,5391,0,311,23.2,1,0,0,0,0,0,0,åé,ïΩì˙,13946258,351,4716,311,0,13,13999568,42,0,,,,,
2020/6/9,12,13,5403,0,311,25.5,0,1,0,0,0,0,0,âŒ,ïΩì˙,13946245,322,4758,311,0,12,13999568,27,0,,,,,
2020/6/10,18,12,5421,0,311,26.2,0,0,1,0,0,0,0,êÖ,ïΩì˙,13946233,307,4785,311,0,18,13999568,39,0,,,,,
2020/6/11,22,18,5443,0,311,25.1,0,0,0,1,0,0,0,ñÿ,ïΩì˙,13946215,286,4824,311,0,22,13999568,32,2,,,,,
2020/6/12,25,22,5468,2,313,26.2,0,0,0,0,1,0,0,ã‡,ïΩì˙,13946193,274,4856,313,0,25,13999568,6,1,,,,,
2020/6/13,24,25,5492,1,314,21.3,0,0,0,0,0,1,0,ìy,ãxì˙,13946168,292,4862,314,0,24,13999568,4,0,,,,,
2020/6/14,47,24,5539,0,314,21.7,0,0,0,0,0,0,1,ì˙,ãxì˙,13946144,312,4866,314,0,47,13999568,21,0,,,,,
2020/6/15,48,47,5587,0,314,25.9,1,0,0,0,0,0,0,åé,ïΩì˙,13946097,338,4887,314,0,48,13999568,49,2,,,,,
2020/6/16,27,48,5614,2,316,25.5,0,1,0,0,0,0,0,âŒ,ïΩì˙,13946049,335,4936,316,0,27,13999568,42,1,,,,,
2020/6/17,16,27,5630,1,317,23.6,0,0,1,0,0,0,0,êÖ,ïΩì˙,13946022,319,4978,317,0,16,13999568,39,0,,,,,
2020/6/18,41,16,5671,0,317,22.1,0,0,0,1,0,0,0,ñÿ,ïΩì˙,13946006,296,5017,317,0,41,13999568,54,3,,,,,
2020/6/19,35,41,5706,3,320,18.7,0,0,0,0,1,0,0,ã‡,ïΩì˙,13945965,280,5071,320,0,35,13999568,13,0,,,,,
2020/6/20,39,35,5745,0,320,22.9,0,0,0,0,0,1,0,ìy,ãxì˙,13945930,302,5084,320,0,39,13999568,16,0,,,,,
2020/6/21,34,39,5779,0,320,21.9,0,0,0,0,0,0,1,ì˙,ãxì˙,13945891,325,5100,320,0,34,13999568,48,1,,,,,
2020/6/22,29,34,5808,1,321,19.2,1,0,0,0,0,0,0,åé,ïΩì˙,13945857,310,5148,321,0,29,13999568,35,2,,,,,
2020/6/23,31,29,5839,2,323,22.3,0,1,0,0,0,0,0,âŒ,ïΩì˙,13945828,302,5183,323,0,31,13999568,32,2,,,,,
2020/6/24,55,31,5894,2,325,22.5,0,0,1,0,0,0,0,êÖ,ïΩì˙,13945797,299,5215,325,0,55,13999568,43,0,,,,,
2020/6/25,48,55,5942,0,325,20.2,0,0,0,1,0,0,0,ñÿ,ïΩì˙,13945742,311,5258,325,0,48,13999568,37,0,,,,,
2020/6/26,54,48,5996,0,325,24.7,0,0,0,0,1,0,0,ã‡,ïΩì˙,13945694,322,5295,325,0,54,13999568,25,0,,,,,
2020/6/27,57,54,6053,0,325,25.5,0,0,0,0,0,1,0,ìy,ãxì˙,13945640,351,5320,325,0,57,13999568,26,0,,,,,
2020/6/28,60,57,6113,0,325,22.2,0,0,0,0,0,0,1,ì˙,ãxì˙,13945583,382,5346,325,0,60,13999568,49,0,,,,,
2020/6/29,58,60,6171,0,325,24.9,1,0,0,0,0,0,0,åé,ïΩì˙,13945523,393,5395,325,0,58,13999568,52,0,,,,,
2020/6/30,54,58,6225,0,325,24.6,0,1,0,0,0,0,0,âŒ,ïΩì˙,13945465,399,5447,325,0,54,13999568,27,0,,,,,
2020/7/1,67,54,6292,0,325,25.1,0,0,1,0,0,0,0,êÖ,ïΩì˙,13945411,426,5474,325,0,67,13999624,66,0,,,,,
2020/7/2,107,67,6399,0,325,25.9,0,0,0,1,0,0,0,ñÿ,ïΩì˙,13945344,427,5540,325,0,107,13999624,42,0,,,,,
2020/7/3,124,107,6523,0,325,23.8,0,0,0,0,1,0,0,ã‡,ïΩì˙,13945237,492,5582,325,0,124,13999624,35,0,,,,,
2020/7/4,131,124,6654,0,325,23.8,0,0,0,0,0,1,0,ìy,ãxì˙,13945113,581,5617,325,0,131,13999624,25,0,,,,,
2020/7/5,111,131,6765,0,325,24.9,0,0,0,0,0,0,1,ì˙,ãxì˙,13944982,687,5642,325,0,111,13999624,64,0,,,,,
2020/7/6,102,111,6867,0,325,24.8,1,0,0,0,0,0,0,åé,ïΩì˙,13944871,734,5706,325,0,102,13999624,66,0,,,,,
2020/7/7,106,102,6973,0,325,27.2,0,1,0,0,0,0,0,âŒ,ïΩì˙,13944769,770,5772,325,0,106,13999624,104,0,,,,,
2020/7/8,75,106,7048,0,325,26,0,0,1,0,0,0,0,êÖ,ïΩì˙,13944663,772,5876,325,0,75,13999624,103,0,,,,,
2020/7/9,224,75,7272,0,325,23.7,0,0,0,1,0,0,0,ñÿ,ïΩì˙,13944588,744,5979,325,0,224,13999624,115,0,,,,,
2020/7/10,243,224,7515,0,325,25.3,0,0,0,0,1,0,0,ã‡,ïΩì˙,13944364,853,6094,325,0,243,13999624,75,0,,,,,
2020/7/11,206,243,7721,0,325,27.5,0,0,0,0,0,1,0,ìy,ãxì˙,13944121,1021,6169,325,0,206,13999624,54,0,,,,,
2020/7/12,206,206,7927,0,325,26,0,0,0,0,0,0,1,ì˙,ãxì˙,13943915,1173,6223,325,0,206,13999624,113,0,,,,,
2020/7/13,118,206,8045,0,325,21,1,0,0,0,0,0,0,åé,ïΩì˙,13943709,1266,6336,325,0,118,13999624,136,0,,,,,
2020/7/14,143,118,8188,0,325,22.3,0,1,0,0,0,0,0,âŒ,ïΩì˙,13943591,1248,6472,325,0,143,13999624,136,1,,,,,
2020/7/15,165,143,8353,1,326,20.4,0,0,1,0,0,0,0,êÖ,ïΩì˙,13943448,1254,6608,326,0,165,13999624,163,0,,,,,
2020/7/16,286,165,8639,0,326,20.7,0,0,0,1,0,0,0,ñÿ,ïΩì˙,13943283,1256,6771,326,0,286,13999624,138,0,,,,,
2020/7/17,293,286,8932,0,326,19.3,0,0,0,0,1,0,0,ã‡,ïΩì˙,13942997,1404,6909,326,0,293,13999624,94,0,,,,,
2020/7/18,290,293,9222,0,326,20.4,0,0,0,0,0,1,0,ìy,ãxì˙,13942704,1603,7003,326,0,290,13999624,54,0,,,,,
2020/7/19,188,290,9410,0,326,24.3,0,0,0,0,0,0,1,ì˙,ãxì˙,13942414,1839,7057,326,0,188,13999624,255,1,,,,,
2020/7/20,168,188,9578,1,327,26.9,1,0,0,0,0,0,0,åé,ïΩì˙,13942226,1771,7312,327,0,168,13999624,201,0,,,,,
2020/7/21,237,168,9815,0,327,25.5,0,1,0,0,0,0,0,âŒ,ïΩì˙,13942058,1738,7513,327,0,237,13999624,254,0,,,,,
2020/7/22,238,237,10053,0,327,26.6,0,0,1,0,0,0,0,êÖ,ïΩì˙,13941821,1721,7767,327,0,238,13999624,85,0,,,,,
2020/7/23,366,238,10419,0,327,23.2,0,0,0,1,0,0,0,ñÿ,ïΩì˙,13941583,1874,7852,327,0,366,13999624,62,0,,,,,
2020/7/24,260,366,10679,0,327,24.5,0,0,0,0,1,0,0,ã‡,ïΩì˙,13941217,2178,7914,327,0,260,13999624,52,1,,,,,
2020/7/25,295,260,10974,1,328,25.1,0,0,0,0,0,1,0,ìy,ãxì˙,13940957,2385,7966,328,0,295,13999624,158,0,,,,,
2020/7/26,239,295,11213,0,328,25.6,0,0,0,0,0,0,1,ì˙,ãxì˙,13940662,2522,8124,328,0,239,13999624,340,0,,,,,
2020/7/27,131,239,11344,0,328,26.3,1,0,0,0,0,0,0,åé,ïΩì˙,13940423,2421,8464,328,0,131,13999624,294,0,,,,,
2020/7/28,266,131,11610,0,328,26.7,0,1,0,0,0,0,0,âŒ,ïΩì˙,13940292,2258,8758,328,0,266,13999624,351,1,,,,,
2020/7/29,250,266,11860,1,329,22.9,0,0,1,0,0,0,0,êÖ,ïΩì˙,13940026,2172,9109,329,0,250,13999624,329,1,,,,,
2020/7/30,367,250,12227,1,330,23.2,0,0,0,1,0,0,0,ñÿ,ïΩì˙,13939776,2092,9438,330,0,367,13999624,177,2,,,,,
2020/7/31,462,367,12689,2,332,24.8,0,0,0,0,1,0,0,ã‡,ïΩì˙,13939409,2280,9615,332,0,462,13999624,133,0,,,,,
2020/8/1,472,462,13161,0,332,26.1,0,0,0,0,0,1,0,ìy,ãxì˙,13938947,2609,9748,332,0,472,13993721,43,0,,,,,
2020/8/2,292,472,13453,0,332,26.3,0,0,0,0,0,0,1,ì˙,ãxì˙,13938475,3038,9791,332,0,292,13993721,321,1,,,,,
2020/8/3,258,292,13711,1,333,27.2,1,0,0,0,0,0,0,åé,ïΩì˙,13938183,3008,10112,333,0,258,13993721,325,0,,,,,
2020/8/4,309,258,14020,0,333,28.3,0,1,0,0,0,0,0,âŒ,ïΩì˙,13937925,2941,10437,333,0,309,13993721,250,0,,,,,
2020/8/5,263,309,14283,0,333,29.1,0,0,1,0,0,0,0,êÖ,ïΩì˙,13937616,3000,10687,333,0,263,13993721,320,0,,,,,
2020/8/6,360,263,14643,0,333,28.5,0,0,0,1,0,0,0,ñÿ,ïΩì˙,13937353,2943,11007,333,0,360,13993721,354,0,,,,,
2020/8/7,461,360,15104,0,333,29.5,0,0,0,0,1,0,0,ã‡,ïΩì˙,13936993,2949,11361,333,0,461,13993721,248,0,,,,,
2020/8/8,429,461,15533,0,333,28.1,0,0,0,0,0,1,0,ìy,ãxì˙,13936532,3162,11609,333,0,429,13993721,169,0,,,,,
2020/8/9,331,429,15864,0,333,28.7,0,0,0,0,0,0,1,ì˙,ãxì˙,13936103,3422,11778,333,0,331,13993721,192,1,,,,,
2020/8/10,197,331,16061,1,334,30.5,1,0,0,0,0,0,0,åé,ïΩì˙,13935772,3560,11970,334,0,197,13993721,250,2,,,,,
2020/8/11,188,197,16249,2,336,31.7,0,1,0,0,0,0,0,âŒ,ïΩì˙,13935575,3505,12220,336,0,188,13993721,306,0,,,,,
2020/8/12,222,188,16471,0,336,30,0,0,1,0,0,0,0,êÖ,ïΩì˙,13935387,3387,12526,336,0,222,13993721,322,2,,,,,
2020/8/13,206,222,16677,2,338,29.4,0,0,0,1,0,0,0,ñÿ,ïΩì˙,13935165,3285,12848,338,0,206,13993721,426,0,,,,,
2020/8/14,389,206,17066,0,338,29.4,0,0,0,0,1,0,0,ã‡,ïΩì˙,13934959,3065,13274,338,0,389,13993721,322,0,,,,,
2020/8/15,385,389,17451,0,338,31,0,0,0,0,0,1,0,ìy,ãxì˙,13934570,3132,13596,338,0,385,13993721,163,2,,,,,
2020/8/16,260,385,17711,2,340,31.2,0,0,0,0,0,0,1,ì˙,ãxì˙,13934185,3352,13759,340,0,260,13993721,256,1,,,,,
2020/8/17,161,260,17872,1,341,30.8,1,0,0,0,0,0,0,åé,ïΩì˙,13933925,3355,14015,341,0,161,13993721,385,3,,,,,
2020/8/18,207,161,18079,3,344,30.3,0,1,0,0,0,0,0,âŒ,ïΩì˙,13933764,3128,14400,344,0,207,13993721,412,3,,,,,
2020/8/19,186,207,18265,3,347,29,0,0,1,0,0,0,0,êÖ,ïΩì˙,13933557,2920,14812,347,0,186,13993721,297,1,,,,,
2020/8/20,339,186,18604,1,348,29.7,0,0,0,1,0,0,0,ñÿ,ïΩì˙,13933371,2808,15109,348,0,339,13993721,300,2,,,,,
2020/8/21,258,339,18862,2,350,30.1,0,0,0,0,1,0,0,ã‡,ïΩì˙,13933032,2845,15409,350,0,258,13993721,153,0,,,,,
2020/8/22,256,258,19118,0,350,29.3,0,0,0,0,0,1,0,ìy,ãxì˙,13932774,2950,15562,350,0,256,13993721,164,0,,,,,
2020/8/23,212,256,19330,0,350,25.6,0,0,0,0,0,0,1,ì˙,ãxì˙,13932518,3042,15726,350,0,212,13993721,301,2,,,,,
2020/8/24,95,212,19425,2,352,27.2,1,0,0,0,0,0,0,åé,ïΩì˙,13932306,2951,16027,352,0,95,13993721,334,2,,,,,
2020/8/25,182,95,19607,2,354,27.8,0,1,0,0,0,0,0,âŒ,ïΩì˙,13932211,2710,16361,354,0,182,13993721,332,2,,,,,
2020/8/26,236,182,19843,2,356,28.8,0,0,1,0,0,0,0,êÖ,ïΩì˙,13932029,2558,16693,356,0,236,13993721,312,0,,,,,
2020/8/27,250,236,20093,0,356,29.3,0,0,0,1,0,0,0,ñÿ,ïΩì˙,13931793,2482,17005,356,0,250,13993721,406,2,,,,,
2020/8/28,226,250,20319,2,358,30.2,0,0,0,0,1,0,0,ã‡,ïΩì˙,13931543,2324,17411,358,0,226,13993721,119,0,,,,,
2020/8/29,247,226,20566,0,358,30.3,0,0,0,0,0,1,0,ìy,ãxì˙,13931317,2431,17530,358,0,247,13993721,140,2,,,,,
2020/8/30,148,247,20714,2,360,30,0,0,0,0,0,0,1,ì˙,ãxì˙,13931070,2536,17670,360,0,148,13993721,189,3,,,,,
2020/8/31,100,148,20814,3,363,27.5,1,0,0,0,0,0,0,åé,ïΩì˙,13930922,2492,17859,363,0,100,13993721,199,1,,,,,
2020/9/1,170,100,20984,1,364,24.9,0,1,0,0,0,0,0,âŒ,ïΩì˙,13930822,2392,18058,364,0,170,13981782,181,0,,,,,
2020/9/2,141,170,21125,0,364,26.8,0,0,1,0,0,0,0,êÖ,ïΩì˙,13930652,2381,18239,364,0,141,13981782,248,1,,,,,
2020/9/3,211,141,21336,1,365,28.4,0,0,0,1,0,0,0,ñÿ,ïΩì˙,13930511,2273,18487,365,0,211,13981782,248,4,,,,,
2020/9/4,136,211,21472,4,369,29.3,0,0,0,0,1,0,0,ã‡,ïΩì˙,13930300,2232,18735,369,0,136,13981782,140,0,,,,,
2020/9/5,181,136,21653,0,369,28.6,0,0,0,0,0,1,0,ìy,ãxì˙,13930164,2228,18875,369,0,181,13981782,92,0,,,,,
2020/9/6,116,181,21769,0,369,25.7,0,0,0,0,0,0,1,ì˙,ãxì˙,13929983,2317,18967,369,0,116,13981782,204,3,,,,,
2020/9/7,76,116,21845,3,372,26.7,1,0,0,0,0,0,0,åé,ïΩì˙,13929867,2226,19171,372,0,76,13981782,269,6,,,,,
2020/9/8,170,76,22015,6,378,29.5,0,1,0,0,0,0,0,âŒ,ïΩì˙,13929791,2027,19440,378,0,170,13981782,147,1,,,,,
2020/9/9,149,170,22164,1,379,29,0,0,1,0,0,0,0,êÖ,ïΩì˙,13929621,2049,19587,379,0,149,13981782,225,0,,,,,
2020/9/10,276,149,22440,0,379,27.7,0,0,0,1,0,0,0,ñÿ,ïΩì˙,13929472,1973,19812,379,0,276,13981782,207,1,,,,,
2020/9/11,187,276,22627,1,380,28.3,0,0,0,0,1,0,0,ã‡,ïΩì˙,13929196,2041,20019,380,0,187,13981782,90,2,,,,,
2020/9/12,226,187,22853,2,382,23.7,0,0,0,0,0,1,0,ìy,ãxì˙,13929009,2136,20109,382,0,226,13981782,62,0,,,,,
2020/9/13,146,226,22999,0,382,23.3,0,0,0,0,0,0,1,ì˙,ãxì˙,13928783,2300,20171,382,0,146,13981782,177,2,,,,,
2020/9/14,80,146,23079,2,384,23.4,1,0,0,0,0,0,0,åé,ïΩì˙,13928637,2267,20348,384,0,80,13981782,255,2,,,,,
2020/9/15,191,80,23270,2,386,23.8,0,1,0,0,0,0,0,âŒ,ïΩì˙,13928557,2090,20603,386,0,191,13981782,234,3,,,,,
2020/9/16,163,191,23433,3,389,24,0,0,1,0,0,0,0,êÖ,ïΩì˙,13928366,2044,20837,389,0,163,13981782,184,0,,,,,
2020/9/17,171,163,23604,0,389,24.9,0,0,0,1,0,0,0,ñÿ,ïΩì˙,13928203,2023,21021,389,0,171,13981782,187,1,,,,,
2020/9/18,220,171,23824,1,390,29,0,0,0,0,1,0,0,ã‡,ïΩì˙,13928032,2006,21208,390,0,220,13981782,170,0,,,,,
2020/9/19,218,220,24042,0,390,24.7,0,0,0,0,0,1,0,ìy,ãxì˙,13927812,2056,21378,390,0,218,13981782,94,0,,,,,
2020/9/20,162,218,24204,0,390,22.2,0,0,0,0,0,0,1,ì˙,ãxì˙,13927594,2180,21472,390,0,162,13981782,68,1,,,,,
2020/9/21,97,162,24301,1,391,22,1,0,0,0,0,0,0,åé,ïΩì˙,13927432,2273,21540,391,0,97,13981782,114,0,,,,,
2020/9/22,88,97,24389,0,391,22.5,0,1,0,0,0,0,0,âŒ,ïΩì˙,13927335,2256,21654,391,0,88,13981782,197,1,,,,,
2020/9/23,59,88,24448,1,392,20.2,0,0,1,0,0,0,0,êÖ,ïΩì˙,13927247,2146,21851,392,0,59,13981782,270,3,,,,,
2020/9/24,193,59,24641,3,395,19,0,0,0,1,0,0,0,ñÿ,ïΩì˙,13927188,1932,22121,395,0,193,13981782,308,4,,,,,
2020/9/25,195,193,24836,4,399,19.4,0,0,0,0,1,0,0,ã‡,ïΩì˙,13926995,1813,22429,399,0,195,13981782,121,1,,,,,
2020/9/26,269,195,25105,1,400,18.5,0,0,0,0,0,1,0,ìy,ãxì˙,13926800,1886,22550,400,0,269,13981782,97,0,,,,,
2020/9/27,144,269,25249,0,400,19.7,0,0,0,0,0,0,1,ì˙,ãxì˙,13926531,2058,22647,400,0,144,13981782,132,6,,,,,
2020/9/28,78,144,25327,6,406,21.5,1,0,0,0,0,0,0,åé,ïΩì˙,13926387,2064,22779,406,0,78,13981782,177,1,,,,,
2020/9/29,211,78,25538,1,407,19.7,0,1,0,0,0,0,0,âŒ,ïΩì˙,13926309,1964,22956,407,0,211,13981782,191,1,,,,,
2020/9/30,194,211,25732,1,408,20,0,0,1,0,0,0,0,êÖ,ïΩì˙,13926098,1983,23147,408,0,194,13981782,283,1,,,,,
2020/10/1,234,194,25966,1,409,19.5,0,0,0,1,0,0,0,ñÿ,ïΩì˙,13925904,1893,23430,409,0,234,13971109,279,0,,,,,
2020/10/2,196,234,26162,0,409,21,0,0,0,0,1,0,0,ã‡,ïΩì˙,13925670,1848,23709,409,0,196,13971109,189,2,,,,,
2020/10/3,205,196,26367,2,411,21.7,0,0,0,0,0,1,0,ìy,ãxì˙,13925474,1853,23898,411,0,205,13971109,65,0,,,,,
2020/10/4,107,205,26474,0,411,22,0,0,0,0,0,0,1,ì˙,ãxì˙,13925269,1993,23963,411,0,107,13971109,189,2,,,,,
2020/10/5,65,107,26539,2,413,21.7,1,0,0,0,0,0,0,åé,ïΩì˙,13925162,1909,24152,413,0,65,13971109,227,1,,,,,
2020/10/6,176,65,26715,1,414,21,0,1,0,0,0,0,0,âŒ,ïΩì˙,13925097,1746,24379,414,0,176,13971109,206,2,,,,,
2020/10/7,140,176,26855,2,416,18.3,0,0,1,0,0,0,0,êÖ,ïΩì˙,13924921,1714,24585,416,0,140,13971109,188,1,,,,,
2020/10/8,248,140,27103,1,417,14.7,0,0,0,1,0,0,0,ñÿ,ïΩì˙,13924781,1665,24773,417,0,248,13971109,213,4,,,,,
2020/10/9,203,248,27306,4,421,14.5,0,0,0,0,1,0,0,ã‡,ïΩì˙,13924533,1696,24986,421,0,203,13971109,158,0,,,,,
2020/10/10,248,203,27554,0,421,16,0,0,0,0,0,1,0,ìy,ãxì˙,13924330,1741,25144,421,0,248,13971109,65,0,,,,,
2020/10/11,146,248,27700,0,421,19.8,0,0,0,0,0,0,1,ì˙,ãxì˙,13924082,1924,25209,421,0,146,13971109,149,0,,,,,
2020/10/12,78,146,27778,0,421,21.5,1,0,0,0,0,0,0,åé,ïΩì˙,13923936,1921,25358,421,0,78,13971109,204,2,,,,,
2020/10/13,166,78,27944,2,423,22.1,0,1,0,0,0,0,0,âŒ,ïΩì˙,13923858,1793,25562,423,0,166,13971109,284,2,,,,,
2020/10/14,177,166,28121,2,425,20.3,0,0,1,0,0,0,0,êÖ,ïΩì˙,13923692,1673,25846,425,0,177,13971109,245,2,,,,,
2020/10/15,284,177,28405,2,427,16.8,0,0,0,1,0,0,0,ñÿ,ïΩì˙,13923515,1603,26091,427,0,284,13971109,215,4,,,,,
2020/10/16,183,284,28588,4,431,16.1,0,0,0,0,1,0,0,ã‡,ïΩì˙,13923231,1668,26306,431,0,183,13971109,168,3,,,,,
2020/10/17,235,183,28823,3,434,12.7,0,0,0,0,0,1,0,ìy,ãxì˙,13923048,1680,26474,434,0,235,13971109,103,2,,,,,
2020/10/18,132,235,28955,2,436,14.3,0,0,0,0,0,0,1,ì˙,ãxì˙,13922813,1810,26577,436,0,132,13971109,233,0,,,,,
2020/10/19,78,132,29033,0,436,13.1,1,0,0,0,0,0,0,åé,ïΩì˙,13922681,1709,26810,436,0,78,13971109,228,1,,,,,
2020/10/20,139,78,29172,1,437,15.6,0,1,0,0,0,0,0,âŒ,ïΩì˙,13922603,1558,27038,437,0,139,13971109,189,2,,,,,
2020/10/21,145,139,29317,2,439,16,0,0,1,0,0,0,0,êÖ,ïΩì˙,13922464,1506,27227,439,0,145,13971109,228,3,,,,,
2020/10/22,185,145,29502,3,442,17.4,0,0,0,1,0,0,0,ñÿ,ïΩì˙,13922319,1420,27455,442,0,185,13971109,171,3,,,,,
2020/10/23,186,185,29688,3,445,16.8,0,0,0,0,1,0,0,ã‡,ïΩì˙,13922134,1431,27626,445,0,186,13971109,183,0,,,,,
2020/10/24,201,186,29889,0,445,17.3,0,0,0,0,0,1,0,ìy,ãxì˙,13921948,1434,27809,445,0,201,13971109,80,2,,,,,
2020/10/25,124,201,30013,2,447,15.5,0,0,0,0,0,0,1,ì˙,ãxì˙,13921747,1553,27889,447,0,124,13971109,97,3,,,,,
2020/10/26,102,124,30115,3,450,16.2,1,0,0,0,0,0,0,åé,ïΩì˙,13921623,1577,27986,450,0,102,13971109,232,1,,,,,
2020/10/27,158,102,30273,1,451,16.7,0,1,0,0,0,0,0,âŒ,ïΩì˙,13921521,1446,28218,451,0,158,13971109,155,0,,,,,
2020/10/28,171,158,30444,0,451,16.6,0,0,1,0,0,0,0,êÖ,ïΩì˙,13921363,1449,28373,451,0,171,13971109,153,2,,,,,
2020/10/29,220,171,30664,2,453,17.3,0,0,0,1,0,0,0,ñÿ,ïΩì˙,13921192,1465,28526,453,0,220,13971109,192,2,,,,,
2020/10/30,203,220,30867,2,455,14.9,0,0,0,0,1,0,0,ã‡,ïΩì˙,13920972,1491,28718,455,0,203,13971109,168,0,,,,,
2020/10/31,215,203,31082,0,455,13.8,0,0,0,0,0,1,0,ìy,ãxì˙,13920769,1526,28886,455,0,215,13971109,72,0,,,,,
2020/11/1,116,215,31198,0,455,14.3,0,0,0,0,0,0,1,ì˙,ãxì˙,13920554,1669,28958,455,0,116,13963751,144,4,,,,,
2020/11/2,87,116,31285,4,459,15.6,1,0,0,0,0,0,0,åé,ïΩì˙,13920438,1637,29102,459,0,87,13963751,125,0,,,,,
2020/11/3,209,87,31494,0,459,14.8,0,1,0,0,0,0,0,âŒ,ïΩì˙,13920351,1599,29227,459,0,209,13963751,184,0,,,,,
2020/11/4,122,209,31616,0,459,13.7,0,0,1,0,0,0,0,êÖ,ïΩì˙,13920142,1624,29411,459,0,122,13963751,204,2,,,,,
2020/11/5,269,122,31885,2,461,13.4,0,0,0,1,0,0,0,ñÿ,ïΩì˙,13920020,1540,29615,461,0,269,13963751,224,0,,,,,
2020/11/6,242,269,32127,0,461,12.8,0,0,0,0,1,0,0,ã‡,ïΩì˙,13919751,1585,29839,461,0,242,13963751,137,0,,,,,
2020/11/7,294,242,32421,0,461,15.5,0,0,0,0,0,1,0,ìy,ãxì˙,13919509,1690,29976,461,0,294,13963751,51,0,,,,,
2020/11/8,189,294,32610,0,461,17.3,0,0,0,0,0,0,1,ì˙,ãxì˙,13919215,1933,30027,461,0,189,13963751,152,1,,,,,
2020/11/9,156,189,32766,1,462,13.5,1,0,0,0,0,0,0,åé,ïΩì˙,13919026,1969,30179,462,0,156,13963751,281,3,,,,,
2020/11/10,293,156,33059,3,465,11.9,0,1,0,0,0,0,0,âŒ,ïΩì˙,13918870,1841,30460,465,0,293,13963751,223,3,,,,,
2020/11/11,316,293,33375,3,468,11.9,0,0,1,0,0,0,0,êÖ,ïΩì˙,13918577,1908,30683,468,0,316,13963751,271,2,,,,,
2020/11/12,392,316,33767,2,470,10.2,0,0,0,1,0,0,0,ñÿ,ïΩì˙,13918261,1951,30954,470,0,392,13963751,231,0,,,,,
2020/11/13,374,392,34141,0,470,13.7,0,0,0,0,1,0,0,ã‡,ïΩì˙,13917869,2112,31185,470,0,374,13963751,183,0,,,,,
2020/11/14,352,374,34493,0,470,14.7,0,0,0,0,0,1,0,ìy,ãxì˙,13917495,2303,31368,470,0,352,13963751,109,0,,,,,
2020/11/15,255,352,34748,0,470,13.4,0,0,0,0,0,0,1,ì˙,ãxì˙,13917143,2546,31477,470,0,255,13963751,227,2,,,,,
2020/11/16,180,255,34928,2,472,14.7,1,0,0,0,0,0,0,åé,ïΩì˙,13916888,2572,31704,472,0,180,13963751,298,4,,,,,
2020/11/17,298,180,35226,4,476,15.2,0,1,0,0,0,0,0,âŒ,ïΩì˙,13916708,2450,32002,476,0,298,13963751,220,0,,,,,
2020/11/18,486,298,35712,0,476,15.8,0,0,1,0,0,0,0,êÖ,ïΩì˙,13916410,2528,32222,476,0,486,13963751,324,0,,,,,
2020/11/19,531,486,36243,0,476,19.1,0,0,0,1,0,0,0,ñÿ,ïΩì˙,13915924,2690,32546,476,0,531,13963751,408,1,,,,,
2020/11/20,522,531,36765,1,477,21.9,0,0,0,0,1,0,0,ã‡,ïΩì˙,13915393,2812,32954,477,0,522,13963751,270,1,,,,,
2020/11/21,539,522,37304,1,478,16.6,0,0,0,0,0,1,0,ìy,ãxì˙,13914871,3063,33224,478,0,539,13963751,159,1,,,,,
2020/11/22,390,539,37694,1,479,15,0,0,0,0,0,0,1,ì˙,ãxì˙,13914332,3442,33383,479,0,390,13963751,212,0,,,,,
2020/11/23,315,390,38009,0,479,15.5,1,0,0,0,0,0,0,åé,ïΩì˙,13913942,3620,33595,479,0,315,13963751,369,0,,,,,
2020/11/24,188,315,38197,0,479,11.8,0,1,0,0,0,0,0,âŒ,ïΩì˙,13913627,3566,33964,479,0,188,13963751,441,3,,,,,
2020/11/25,402,188,38599,3,482,10.5,0,0,1,0,0,0,0,êÖ,ïΩì˙,13913439,3310,34405,482,0,402,13963751,408,3,,,,,
2020/11/26,482,402,39081,3,485,12.8,0,0,0,1,0,0,0,ñÿ,ïΩì˙,13913037,3301,34813,485,0,482,13963751,605,3,,,,,
2020/11/27,570,482,39651,3,488,11.6,0,0,0,0,1,0,0,ã‡,ïΩì˙,13912555,3175,35418,488,0,570,13963751,315,0,,,,,
2020/11/28,561,570,40212,0,488,11.8,0,0,0,0,0,1,0,ìy,ãxì˙,13911985,3430,35733,488,0,561,13963751,308,0,,,,,
2020/11/29,419,561,40631,0,488,10.1,0,0,0,0,0,0,1,ì˙,ãxì˙,13911424,3683,36041,488,0,419,13963751,372,1,,,,,
2020/11/30,312,419,40943,1,489,9.9,1,0,0,0,0,0,0,åé,ïΩì˙,13911005,3729,36413,489,0,312,13963751,467,5,,,,,
2020/12/1,370,312,41313,5,494,10.2,0,1,0,0,0,0,0,âŒ,ïΩì˙,13910693,3569,36880,494,0,370,13962725,468,5,,,,,
2020/12/2,501,370,41814,5,499,8.2,0,0,1,0,0,0,0,êÖ,ïΩì˙,13910323,3466,37348,499,0,501,13962725,321,2,,,,,
2020/12/3,532,501,42346,2,501,8.1,0,0,0,1,0,0,0,ñÿ,ïΩì˙,13909822,3644,37669,501,0,532,13962725,375,8,,,,,
2020/12/4,459,532,42805,8,509,9.2,0,0,0,0,1,0,0,ã‡,ïΩì˙,13909290,3793,38044,509,0,459,13962725,339,2,,,,,
2020/12/5,584,459,43389,2,511,6.6,0,0,0,0,0,1,0,ìy,ãxì˙,13908831,3911,38383,511,0,584,13962725,222,0,,,,,
2020/12/6,328,584,43717,0,511,8.2,0,0,0,0,0,0,1,ì˙,ãxì˙,13908247,4273,38605,511,0,328,13962725,519,6,,,,,
2020/12/7,301,328,44018,6,517,9.7,1,0,0,0,0,0,0,åé,ïΩì˙,13907919,4076,39124,517,0,301,13962725,434,6,,,,,
2020/12/8,354,301,44372,6,523,11.4,0,1,0,0,0,0,0,âŒ,ïΩì˙,13907618,3937,39558,523,0,354,13962725,412,5,,,,,
2020/12/9,574,354,44946,5,528,9.8,0,0,1,0,0,0,0,êÖ,ïΩì˙,13907264,3874,39970,528,0,574,13962725,405,2,,,,,
2020/12/10,601,574,45547,2,530,9.3,0,0,0,1,0,0,0,ñÿ,ïΩì˙,13906690,4041,40375,530,0,601,13962725,595,5,,,,,
2020/12/11,596,601,46143,5,535,10.2,0,0,0,0,1,0,0,ã‡,ïΩì˙,13906089,4042,40970,535,0,596,13962725,327,0,,,,,
2020/12/12,621,596,46764,0,535,11.4,0,0,0,0,0,1,0,ìy,ãxì˙,13905493,4311,41297,535,0,621,13962725,258,0,,,,,
2020/12/13,481,621,47245,0,535,9.9,0,0,0,0,0,0,1,ì˙,ãxì˙,13904872,4674,41555,535,0,481,13962725,428,3,,,,,
2020/12/14,305,481,47550,3,538,8.5,1,0,0,0,0,0,0,åé,ïΩì˙,13904391,4724,41983,538,0,305,13962725,638,9,,,,,
2020/12/15,457,305,48007,9,547,6.1,0,1,0,0,0,0,0,âŒ,ïΩì˙,13904086,4382,42621,547,0,457,13962725,420,10,,,,,
2020/12/16,681,457,48688,10,557,4.6,0,0,1,0,0,0,0,êÖ,ïΩì˙,13903629,4409,43041,557,0,681,13962725,542,0,,,,,
2020/12/17,822,681,49510,0,557,4.3,0,0,0,1,0,0,0,ñÿ,ïΩì˙,13902948,4548,43583,557,0,822,13962725,568,4,,,,,
2020/12/18,664,822,50174,4,561,6.1,0,0,0,0,1,0,0,ã‡,ïΩì˙,13902126,4798,44151,561,0,664,13962725,48,5,,,,,
2020/12/19,736,664,50910,5,566,5.8,0,0,0,0,0,1,0,ìy,ãxì˙,13901462,5409,44199,566,0,736,13962725,603,0,,,,,
2020/12/20,556,736,51466,0,566,4.4,0,0,0,0,0,0,1,ì˙,ãxì˙,13900726,5542,44802,566,0,556,13962725,482,1,,,,,
2020/12/21,397,556,51863,1,567,5.3,1,0,0,0,0,0,0,åé,ïΩì˙,13900170,5615,45284,567,0,397,13962725,689,1,,,,,
2020/12/22,570,397,52433,1,568,5.6,0,1,0,0,0,0,0,âŒ,ïΩì˙,13899773,5322,45973,568,0,570,13962725,552,10,,,,,
2020/12/23,758,570,53191,10,578,7.7,0,0,1,0,0,0,0,êÖ,ïΩì˙,13899203,5330,46525,578,0,758,13962725,647,9,,,,,
2020/12/24,895,758,54086,9,587,8,0,0,0,1,0,0,0,ñÿ,ïΩì˙,13898445,5432,47172,587,0,895,13962725,579,10,,,,,
2020/12/25,890,895,54976,10,597,8.7,0,0,0,0,1,0,0,ã‡,ïΩì˙,13897550,5738,47751,597,0,890,13962725,370,10,,,,,
2020/12/26,954,890,55930,10,607,6.4,0,0,0,0,0,1,0,ìy,ãxì˙,13896660,6248,48121,607,0,954,13962725,321,0,,,,,
2020/12/27,708,954,56638,0,607,7.8,0,0,0,0,0,0,1,ì˙,ãxì˙,13895706,6881,48442,607,0,708,13962725,490,6,,,,,
2020/12/28,491,708,57129,6,613,8.5,1,0,0,0,0,0,0,åé,ïΩì˙,13894998,7093,48932,613,0,491,13962725,694,5,,,,,
2020/12/29,869,491,57998,5,618,8.7,0,1,0,0,0,0,0,âŒ,ïΩì˙,13894507,6885,49626,618,0,869,13962725,357,4,,,,,
2020/12/30,961,869,58959,4,622,6.9,0,0,1,0,0,0,0,êÖ,ïΩì˙,13893638,7393,49983,622,0,961,13962725,382,5,,,,,
2020/12/31,1353,961,60312,5,627,3.4,0,0,0,1,0,0,0,ñÿ,ïΩì˙,13892677,7967,50365,627,0,1353,13962725,496,4,,,,,
2021/1/1,793,1353,61105,4,631,4.4,0,0,0,0,1,0,0,ã‡,ïΩì˙,13891324,8820,50861,631,0,793,13960236,434,0,,,,,
2021/1/2,829,793,61934,0,631,4.8,0,0,0,0,0,1,0,ìy,ãxì˙,13890531,9179,51295,631,0,829,13960236,362,1,,,,,
2021/1/3,826,829,62760,1,632,3.7,0,0,0,0,0,0,1,ì˙,ãxì˙,13889702,9645,51657,632,0,826,13960236,379,2,,,,,
2021/1/4,905,826,63665,2,634,5.8,1,0,0,0,0,0,0,åé,ïΩì˙,13888876,10090,52036,634,0,905,13960236,610,14,,,,,
2021/1/5,1315,905,64980,14,648,6,0,1,0,0,0,0,0,âŒ,ïΩì˙,13887971,10371,52646,648,0,1315,13960236,610,8,,,,,
2021/1/6,1640,1315,66620,8,656,5.3,0,0,1,0,0,0,0,êÖ,ïΩì˙,13886656,11068,53256,656,0,1640,13960236,696,11,,,,,
2021/1/7,2520,1640,69140,11,667,6.3,0,0,0,1,0,0,0,ñÿ,ïΩì˙,13885016,12001,53952,667,0,2520,13960236,822,7,,,,,
2021/1/8,2459,2520,71599,7,674,2.4,0,0,0,0,1,0,0,ã‡,ïΩì˙,13882496,13692,54774,674,0,2459,13960236,768,8,,,,,
2021/1/9,2332,2459,73931,8,682,2.9,0,0,0,0,0,1,0,ìy,ãxì˙,13880037,15375,55542,682,0,2332,13960236,504,3,,,,,
2021/1/10,1510,2332,75441,3,685,2.6,0,0,0,0,0,0,1,ì˙,ãxì˙,13877705,17200,56046,685,0,1510,13960236,505,4,,,,,
2021/1/11,1252,1510,76693,4,689,2.3,1,0,0,0,0,0,0,åé,ïΩì˙,13876195,18201,56551,689,0,1252,13960236,862,2,,,,,
2021/1/12,1025,1252,77718,2,691,3.4,0,1,0,0,0,0,0,âŒ,ïΩì˙,13874943,18589,57413,691,0,1025,13960236,1242,13,,,,,
2021/1/13,1480,1025,79198,13,704,5.8,0,0,1,0,0,0,0,êÖ,ïΩì˙,13873918,18359,58655,704,0,1480,13960236,1253,3,,,,,
2021/1/14,1552,1480,80750,3,707,7.9,0,0,0,1,0,0,0,ñÿ,ïΩì˙,13872438,18583,59908,707,0,1552,13960236,1647,10,,,,,
2021/1/15,2044,1552,82794,10,717,6.6,0,0,0,0,1,0,0,ã‡,ïΩì˙,13870886,18478,61555,717,0,2044,13960236,1724,3,,,,,
2021/1/16,1839,2044,84633,3,720,10,0,0,0,0,0,1,0,ìy,ãxì˙,13868842,18795,63279,720,0,1839,13960236,820,5,,,,,
2021/1/17,1595,1839,86228,5,725,6.1,0,0,0,0,0,0,1,ì˙,ãxì˙,13867003,19809,64099,725,0,1595,13960236,1070,3,,,,,
2021/1/18,1217,1595,87445,3,728,4.3,1,0,0,0,0,0,0,åé,ïΩì˙,13865408,20331,65169,728,0,1217,13960236,1712,16,,,,,
2021/1/19,1253,1217,88698,16,744,4.4,0,1,0,0,0,0,0,âŒ,ïΩì˙,13864191,19820,66881,744,0,1253,13960236,2020,10,,,,,
2021/1/20,1286,1253,89984,10,754,3.9,0,0,1,0,0,0,0,êÖ,ïΩì˙,13862938,19043,68901,754,0,1286,13960236,1516,7,,,,,
2021/1/21,1485,1286,91469,7,761,4.8,0,0,0,1,0,0,0,ñÿ,ïΩì˙,13861652,18806,70417,761,0,1485,13960236,1938,9,,,,,
2021/1/22,1184,1485,92653,9,770,8.7,0,0,0,0,1,0,0,ã‡,ïΩì˙,13860167,18344,72355,770,0,1184,13960236,1535,9,,,,,
2021/1/23,1079,1184,93732,9,779,6.4,0,0,0,0,0,1,0,ìy,ãxì˙,13858983,17984,73890,779,0,1079,13960236,991,3,,,,,
2021/1/24,986,1079,94718,3,782,4.3,0,0,0,0,0,0,1,ì˙,ãxì˙,13857904,18069,74881,782,0,986,13960236,1516,14,,,,,
2021/1/25,619,986,95337,14,796,7.6,1,0,0,0,0,0,0,åé,ïΩì˙,13856918,17525,76397,796,0,619,13960236,1631,13,,,,,
2021/1/26,1026,619,96363,13,809,7.5,0,1,0,0,0,0,0,âŒ,ïΩì˙,13856299,16500,78028,809,0,1026,13960236,1532,18,,,,,
2021/1/27,976,1026,97339,18,827,10.3,0,0,1,0,0,0,0,êÖ,ïΩì˙,13855273,15976,79560,827,0,976,13960236,2207,20,,,,,
2021/1/28,1065,976,98404,20,847,4.4,0,0,0,1,0,0,0,ñÿ,ïΩì˙,13854297,14725,81767,847,0,1065,13960236,2001,17,,,,,
2021/1/29,871,1065,99275,17,864,5.3,0,0,0,0,1,0,0,ã‡,ïΩì˙,13853232,13772,83768,864,0,871,13960236,1174,19,,,,,
2021/1/30,770,871,100045,19,883,4.1,0,0,0,0,0,1,0,ìy,ãxì˙,13852361,13450,84942,883,0,770,13960236,756,3,,,,,
2021/1/31,634,770,100679,3,886,5.4,0,0,0,0,0,0,1,ì˙,ãxì˙,13851591,13461,85698,886,0,634,13960236,1923,8,,,,,
2021/2/1,393,634,101072,8,894,7.2,1,0,0,0,0,0,0,åé,ïΩì˙,13850957,12164,87621,894,0,393,13952915,1487,23,,,,,
2021/2/2,556,393,101628,23,917,8.8,0,1,0,0,0,0,0,âŒ,ïΩì˙,13850564,11047,89108,917,0,556,13952915,1555,32,,,,,
2021/2/3,676,556,102304,32,949,6.2,0,0,1,0,0,0,0,êÖ,ïΩì˙,13850008,10016,90663,949,0,676,13952915,1447,25,,,,,
2021/2/4,734,676,103038,25,974,7,0,0,0,1,0,0,0,ñÿ,ïΩì˙,13849332,9220,92110,974,0,734,13952915,1284,22,,,,,
2021/2/5,577,734,103615,22,996,7.1,0,0,0,0,1,0,0,ã‡,ïΩì˙,13848598,8648,93394,996,0,577,13952915,1288,21,,,,,
2021/2/6,639,577,104254,21,1017,8.9,0,0,0,0,0,1,0,ìy,ãxì˙,13848021,7916,94682,1017,0,639,13952915,966,6,,,,,
2021/2/7,429,639,104683,6,1023,9.9,0,0,0,0,0,0,1,ì˙,ãxì˙,13847382,7583,95648,1023,0,429,13952915,939,12,,,,,
2021/2/8,276,429,104959,12,1035,6.1,1,0,0,0,0,0,0,åé,ïΩì˙,13846953,7061,96587,1035,0,276,13952915,919,18,,,,,
2021/2/9,412,276,105371,18,1053,4.7,0,1,0,0,0,0,0,âŒ,ïΩì˙,13846677,6400,97506,1053,0,412,13952915,622,25,,,,,
2021/2/10,491,412,105862,25,1078,6.7,0,0,1,0,0,0,0,êÖ,ïΩì˙,13846265,6165,98128,1078,0,491,13952915,431,21,,,,,
2021/2/11,434,491,106296,21,1099,8.7,0,0,0,1,0,0,0,ñÿ,ïΩì˙,13845774,6204,98559,1099,0,434,13952915,748,15,,,,,
2021/2/12,307,434,106603,15,1114,7.8,0,0,0,0,1,0,0,ã‡,ïΩì˙,13845340,5875,99307,1114,0,307,13952915,445,11,,,,,
2021/2/13,369,307,106972,11,1125,10.4,0,0,0,0,0,1,0,ìy,ãxì˙,13845033,5726,99752,1125,0,369,13952915,418,6,,,,,
2021/2/14,371,369,107343,6,1131,12.3,0,0,0,0,0,0,1,ì˙,ãxì˙,13844664,5671,100170,1131,0,371,13952915,710,6,,,,,
2021/2/15,266,371,107609,6,1137,11.4,1,0,0,0,0,0,0,åé,ïΩì˙,13844293,5326,100880,1137,0,266,13952915,1304,27,,,,,
2021/2/16,350,266,107959,27,1164,10.6,0,1,0,0,0,0,0,âŒ,ïΩì˙,13844027,4261,102184,1164,0,350,13952915,612,19,,,,,
2021/2/17,378,350,108337,19,1183,7.6,0,0,1,0,0,0,0,êÖ,ïΩì˙,13843677,3980,102796,1183,0,378,13952915,406,27,,,,,
2021/2/18,445,378,108782,27,1210,4.3,0,0,0,1,0,0,0,ñÿ,ïΩì˙,13843299,3925,103202,1210,0,445,13952915,465,11,,,,,
2021/2/19,353,445,109135,11,1221,6.9,0,0,0,0,1,0,0,ã‡,ïΩì˙,13842854,3894,103667,1221,0,353,13952915,303,27,,,,,
2021/2/20,327,353,109462,27,1248,10.2,0,0,0,0,0,1,0,ìy,ãxì˙,13842501,3917,103970,1248,0,327,13952915,347,17,,,,,
2021/2/21,272,327,109734,17,1265,13.9,0,0,0,0,0,0,1,ì˙,ãxì˙,13842174,3880,104317,1265,0,272,13952915,496,9,,,,,
2021/2/22,178,272,109912,9,1274,14.9,1,0,0,0,0,0,0,åé,ïΩì˙,13841902,3647,104813,1274,0,178,13952915,314,11,,,,,
2021/2/23,275,178,110187,11,1285,11,0,1,0,0,0,0,0,âŒ,ïΩì˙,13841724,3500,105127,1285,0,275,13952915,468,17,,,,,
2021/2/24,213,275,110400,17,1302,6.4,0,0,1,0,0,0,0,êÖ,ïΩì˙,13841449,3290,105595,1302,0,213,13952915,360,23,,,,,
2021/2/25,340,213,110740,23,1325,6.6,0,0,0,1,0,0,0,ñÿ,ïΩì˙,13841236,3120,105955,1325,0,340,13952915,356,30,,,,,
2021/2/26,270,340,111010,30,1355,8.7,0,0,0,0,1,0,0,ã‡,ïΩì˙,13840896,3074,106311,1355,0,270,13952915,324,15,,,,,
2021/2/27,337,270,111347,15,1370,5.7,0,0,0,0,0,1,0,ìy,ãxì˙,13840626,3005,106635,1370,0,337,13952915,291,6,,,,,
2021/2/28,329,337,111676,6,1376,6.6,0,0,0,0,0,0,1,ì˙,ãxì˙,13840289,3045,106926,1376,0,329,13952915,385,19,,,,,
2021/3/1,121,329,111797,19,1395,11.8,1,0,0,0,0,0,0,åé,ïΩì˙,13839960,2970,107311,1395,0,121,13942024,235,5,,,,,
2021/3/2,232,121,112029,5,1400,13.5,0,1,0,0,0,0,0,âŒ,ïΩì˙,13839839,2851,107546,1400,0,232,13942024,401,19,,,,,
2021/3/3,316,232,112345,19,1419,7.4,0,0,1,0,0,0,0,êÖ,ïΩì˙,13839607,2663,107947,1419,0,316,13942024,296,23,,,,,
2021/3/4,279,316,112624,23,1442,9,0,0,0,1,0,0,0,ñÿ,ïΩì˙,13839291,2660,108243,1442,0,279,13942024,344,12,,,,,
2021/3/5,301,279,112925,12,1454,11.8,0,0,0,0,1,0,0,ã‡,ïΩì˙,13839012,2583,108587,1454,0,301,13942024,277,8,,,,,
2021/3/6,293,301,113218,8,1462,13.8,0,0,0,0,0,1,0,ìy,ãxì˙,13838711,2599,108864,1462,0,293,13942024,233,0,,,,,
2021/3/7,237,293,113455,0,1462,7.8,0,0,0,0,0,0,1,ì˙,ãxì˙,13838418,2659,109097,1462,0,237,13942024,296,17,,,,,
2021/3/8,116,237,113571,17,1479,6.6,1,0,0,0,0,0,0,åé,ïΩì˙,13838181,2583,109393,1479,0,116,13942024,308,21,,,,,
2021/3/9,290,116,113861,21,1500,9.6,0,1,0,0,0,0,0,âŒ,ïΩì˙,13838065,2370,109701,1500,0,290,13942024,331,18,,,,,
2021/3/10,340,290,114201,18,1518,12,0,0,1,0,0,0,0,êÖ,ïΩì˙,13837775,2311,110032,1518,0,340,13942024,300,18,,,,,
2021/3/11,335,340,114536,18,1536,9.9,0,0,0,1,0,0,0,ñÿ,ïΩì˙,13837435,2333,110332,1536,0,335,13942024,290,25,,,,,
2021/3/12,304,335,114840,25,1561,12.7,0,0,0,0,1,0,0,ã‡,ïΩì˙,13837100,2353,110622,1561,0,304,13942024,225,16,,,,,
2021/3/13,330,304,115170,16,1577,11.1,0,0,0,0,0,1,0,ìy,ãxì˙,13836796,2416,110847,1577,0,330,13942024,225,3,,,,,
2021/3/14,239,330,115409,3,1580,12.5,0,0,0,0,0,0,1,ì˙,ãxì˙,13836466,2518,111072,1580,0,239,13942024,295,9,,,,,
2021/3/15,175,239,115584,9,1589,12.9,1,0,0,0,0,0,0,åé,ïΩì˙,13836227,2453,111367,1589,0,175,13942024,234,16,,,,,
2021/3/16,300,175,115884,16,1605,14.5,0,1,0,0,0,0,0,âŒ,ïΩì˙,13836052,2378,111601,1605,0,300,13942024,283,7,,,,,
2021/3/17,409,300,116293,7,1612,13.7,0,0,1,0,0,0,0,êÖ,ïΩì˙,13835752,2388,111884,1612,0,409,13942024,277,12,,,,,
2021/3/18,323,409,116616,12,1624,12.3,0,0,0,1,0,0,0,ñÿ,ïΩì˙,13835343,2508,112161,1624,0,323,13942024,309,6,,,,,
2021/3/19,303,323,116919,6,1630,12.9,0,0,0,0,1,0,0,ã‡,ïΩì˙,13835020,2516,112470,1630,0,303,13942024,212,2,,,,,
2021/3/20,342,303,117261,2,1632,14.1,0,0,0,0,0,1,0,ìy,ãxì˙,13834717,2605,112682,1632,0,342,13942024,221,4,,,,,
2021/3/21,256,342,117517,4,1636,16.7,0,0,0,0,0,0,1,ì˙,ãxì˙,13834375,2722,112903,1636,0,256,13942024,341,7,,,,,
2021/3/22,187,256,117704,7,1643,12.1,1,0,0,0,0,0,0,åé,ïΩì˙,13834119,2630,113244,1643,0,187,13942024,246,18,,,,,
2021/3/23,337,187,118041,18,1661,10.8,0,1,0,0,0,0,0,âŒ,ïΩì˙,13833932,2553,113490,1661,0,337,13942024,328,6,,,,,
2021/3/24,420,337,118461,6,1667,13.8,0,0,1,0,0,0,0,êÖ,ïΩì˙,13833595,2556,113818,1667,0,420,13942024,304,7,,,,,
2021/3/25,394,420,118855,7,1674,14.5,0,0,0,1,0,0,0,ñÿ,ïΩì˙,13833175,2665,114122,1674,0,394,13942024,346,15,,,,,
2021/3/26,376,394,119231,15,1689,14.5,0,0,0,0,1,0,0,ã‡,ïΩì˙,13832781,2698,114468,1689,0,376,13942024,220,16,,,,,
2021/3/27,430,376,119661,16,1705,13.7,0,0,0,0,0,1,0,ìy,ãxì˙,13832405,2838,114688,1705,0,430,13942024,305,20,,,,,
2021/3/28,313,430,119974,20,1725,16.5,0,0,0,0,0,0,1,ì˙,ãxì˙,13831975,2943,114993,1725,0,313,13942024,388,12,,,,,
2021/3/29,234,313,120208,12,1737,17.5,1,0,0,0,0,0,0,åé,ïΩì˙,13831662,2856,115381,1737,0,234,13942024,309,10,,,,,
2021/3/30,364,234,120572,10,1747,17.8,0,1,0,0,0,0,0,âŒ,ïΩì˙,13831428,2771,115690,1747,0,364,13942024,322,23,,,,,
2021/3/31,414,364,120986,23,1770,17.9,0,0,1,0,0,0,0,êÖ,ïΩì˙,13831064,2790,116012,1770,0,414,13942024,245,4,,,,,
2021/4/1,475,414,121461,4,1774,16.6,0,0,0,1,0,0,0,ñÿ,ïΩì˙,13830650,2955,116257,1774,0,475,13957179,267,2,,,,,
2021/4/2,440,475,121901,2,1776,16,0,0,0,0,1,0,0,ã‡,ïΩì˙,13830175,3161,116524,1776,0,440,13957179,389,0,,,,,
2021/4/3,446,440,122347,0,1776,16.9,0,0,0,0,0,1,0,ìy,ãxì˙,13829735,3212,116913,1776,0,446,13957179,346,0,,,,,
2021/4/4,355,446,122702,0,1776,18.5,0,0,0,0,0,0,1,ì˙,ãxì˙,13829289,3312,117259,1776,0,355,13957179,343,3,,,,,
2021/4/5,249,355,122951,3,1779,12.9,1,0,0,0,0,0,0,åé,ïΩì˙,13828934,3321,117602,1779,0,249,13957179,311,6,,,,,
2021/4/6,399,249,123350,6,1785,10.6,0,1,0,0,0,0,0,âŒ,ïΩì˙,13828685,3253,117913,1785,0,399,13957179,382,4,,,,,
2021/4/7,555,399,123905,4,1789,13.3,0,0,1,0,0,0,0,êÖ,ïΩì˙,13828286,3266,118295,1789,0,555,13957179,437,5,,,,,
2021/4/8,545,555,124450,5,1794,13.3,0,0,0,1,0,0,0,ñÿ,ïΩì˙,13827731,3379,118732,1794,0,545,13957179,481,4,,,,,
2021/4/9,537,545,124987,4,1798,11.9,0,0,0,0,1,0,0,ã‡,ïΩì˙,13827186,3439,119213,1798,0,537,13957179,403,5,,,,,
2021/4/10,570,537,125557,5,1803,10.4,0,0,0,0,0,1,0,ìy,ãxì˙,13826649,3568,119616,1803,0,570,13957179,397,0,,,,,
2021/4/11,421,570,125978,0,1803,12.5,0,0,0,0,0,0,1,ì˙,ãxì˙,13826079,3741,120013,1803,0,421,13957179,472,1,,,,,
2021/4/12,306,421,126284,1,1804,14.4,1,0,0,0,0,0,0,åé,ïΩì˙,13825658,3689,120485,1804,370,306,13957179,444,7,,,,,
2021/4/13,510,306,126794,7,1811,15.7,0,1,0,0,0,0,0,âŒ,ïΩì˙,13824982,3544,120929,1811,58,510,13957179,489,8,,,,,
2021/4/14,591,510,127385,8,1819,15.3,0,0,1,0,0,0,0,êÖ,ïΩì˙,13824414,3557,121418,1819,329,591,13957179,458,9,,,,,
2021/4/15,729,591,128114,9,1828,10.7,0,0,0,1,0,0,0,ñÿ,ïΩì˙,13823494,3681,121876,1828,336,729,13957179,543,8,,,,,
2021/4/16,667,729,128781,8,1836,13.7,0,0,0,0,1,0,0,ã‡,ïΩì˙,13822429,3859,122419,1836,752,667,13957179,456,10,,,,,
2021/4/17,759,667,129540,10,1846,15.7,0,0,0,0,0,1,0,ìy,ãxì˙,13821010,4060,122875,1846,555,759,13957179,516,1,,,,,
2021/4/18,543,759,130083,1,1847,16.4,0,0,0,0,0,0,1,ì˙,ãxì˙,13819696,4302,123391,1847,111,543,13957179,465,0,,,,,
2021/4/19,405,543,130488,0,1847,15.8,1,0,0,0,0,0,0,åé,ïΩì˙,13819042,4380,123856,1847,1318,405,13957179,511,5,,,,,
2021/4/20,711,405,131199,5,1852,17.2,0,1,0,0,0,0,0,âŒ,ïΩì˙,13817319,4269,124367,1852,1472,711,13957179,505,4,,,,,
2021/4/21,843,711,132042,4,1856,19.1,0,0,1,0,0,0,0,êÖ,ïΩì˙,13815136,4471,124872,1856,2184,843,13957179,570,8,,,,,
2021/4/22,861,843,132903,8,1864,18.1,0,0,0,1,0,0,0,ñÿ,ïΩì˙,13812109,4736,125442,1864,2181,861,13957179,549,5,,,,,
2021/4/23,759,861,133662,5,1869,13.8,0,0,0,0,1,0,0,ã‡,ïΩì˙,13809067,5043,125991,1869,2221,759,13957179,626,3,,,,,
2021/4/24,876,759,134538,3,1872,15.3,0,0,0,0,0,1,0,ìy,ãxì˙,13806087,5173,126617,1872,1459,876,13957179,646,4,,,,,
2021/4/25,635,876,135173,4,1876,16.9,0,0,0,0,0,0,1,ì˙,ãxì˙,13803752,5399,127263,1876,739,635,13957179,597,0,,,,,
2021/4/26,425,635,135598,0,1876,13.4,1,0,0,0,0,0,0,åé,ïΩì˙,13802378,5437,127860,1876,2243,425,13957179,741,3,,,,,
2021/4/27,828,425,136426,3,1879,14.6,0,1,0,0,0,0,0,âŒ,ïΩì˙,13799710,5118,128601,1879,2355,828,13957179,643,1,,,,,
2021/4/28,925,828,137351,1,1880,18.2,0,0,1,0,0,0,0,êÖ,ïΩì˙,13796527,5302,129244,1880,3557,925,13957179,709,9,,,,,
2021/4/29,1027,925,138378,9,1889,17.2,0,0,0,1,0,0,0,ñÿ,ïΩì˙,13792045,5509,129953,1889,614,1027,13957179,677,2,,,,,
2021/4/30,698,1027,139076,2,1891,18.8,0,0,0,0,1,0,0,ã‡,ïΩì˙,13790404,5857,130630,1891,2290,698,13957179,763,6,,,,,
2021/5/1,1050,698,140126,6,1897,17.7,0,0,0,0,0,1,0,ìy,ãxì˙,13787416,5786,131393,1897,1247,1050,13963056,705,1,,,,,
2021/5/2,879,1050,141005,1,1898,16.3,0,0,0,0,0,0,1,ì˙,ãxì˙,13785119,6130,132098,1898,914,879,13963056,694,0,,,,,
2021/5/3,708,879,141713,0,1898,16.4,1,0,0,0,0,0,0,åé,ïΩì˙,13783326,6315,132792,1898,672,708,13963056,696,1,,,,,
2021/5/4,609,708,142322,1,1899,18,0,1,0,0,0,0,0,âŒ,ïΩì˙,13781946,6326,133488,1899,696,609,13963056,645,0,,,,,
2021/5/5,621,609,142943,0,1899,18.3,0,0,1,0,0,0,0,êÖ,ïΩì˙,13780641,6290,134133,1899,988,621,13963056,528,4,,,,,
2021/5/6,591,621,143534,4,1903,18.5,0,0,0,1,0,0,0,ñÿ,ïΩì˙,13779032,6379,134661,1903,2364,591,13963056,1026,6,,,,,
2021/5/7,907,591,144441,6,1909,17.5,0,0,0,0,1,0,0,ã‡,ïΩì˙,13776077,5938,135687,1909,1781,907,13963056,796,6,,,,,
2021/5/8,1121,907,145562,6,1915,19.5,0,0,0,0,0,1,0,ìy,ãxì˙,13773389,6043,136483,1915,2679,1121,13963056,821,3,,,,,
2021/5/9,1032,1121,146594,3,1918,23,0,0,0,0,0,0,1,ì˙,ãxì˙,13769589,6340,137304,1918,12199,1032,13963056,766,2,,,,,
2021/5/10,573,1032,147167,2,1920,20.2,1,0,0,0,0,0,0,åé,ïΩì˙,13756358,6604,138070,1920,6285,573,13963056,930,3,,,,,
2021/5/11,925,573,148092,3,1923,17.5,0,1,0,0,0,0,0,âŒ,ïΩì˙,13749500,6244,139000,1923,8527,925,13963056,906,8,,,,,
2021/5/12,969,925,149061,8,1931,17.9,0,0,1,0,0,0,0,êÖ,ïΩì˙,13740048,6255,139906,1931,14197,969,13963056,890,7,,,,,
2021/5/13,1010,969,150071,7,1938,16.1,0,0,0,1,0,0,0,ñÿ,ïΩì˙,13724882,6327,140796,1938,13936,1010,13963056,683,2,,,,,
2021/5/14,854,1010,150925,2,1940,20.8,0,0,0,0,1,0,0,ã‡,ïΩì˙,13709936,6652,141479,1940,12625,854,13963056,831,11,,,,,
2021/5/15,772,854,151697,11,1951,21.2,0,0,0,0,0,1,0,ìy,ãxì˙,13696457,6664,142310,1951,17414,772,13963056,743,0,,,,,
2021/5/16,542,772,152239,0,1951,20,0,0,0,0,0,0,1,ì˙,ãxì˙,13678271,6693,143053,1951,27150,542,13963056,857,7,,,,,
2021/5/17,419,542,152658,7,1958,23,1,0,0,0,0,0,0,åé,ïΩì˙,13650579,6371,143910,1958,17105,419,13963056,966,11,,,,,
2021/5/18,732,419,153390,11,1969,20.5,0,1,0,0,0,0,0,âŒ,ïΩì˙,13633055,5813,144876,1969,22536,732,13963056,943,15,,,,,
2021/5/19,766,732,154156,15,1984,17.2,0,0,1,0,0,0,0,êÖ,ïΩì˙,13609787,5587,145819,1984,30733,766,13963056,730,13,,,,,
2021/5/20,843,766,154999,13,1997,19.1,0,0,0,1,0,0,0,ñÿ,ïΩì˙,13578288,5610,146549,1997,31445,843,13963056,857,13,,,,,
2021/5/21,649,843,155648,13,2010,21.7,0,0,0,0,1,0,0,ã‡,ïΩì˙,13546000,5583,147406,2010,25496,649,13963056,631,5,,,,,
2021/5/22,602,649,156250,5,2015,20,0,0,0,0,0,1,0,ìy,ãxì˙,13519855,5596,148037,2015,34810,602,13963056,874,2,,,,,
2021/5/23,535,602,156785,2,2017,19.6,0,0,0,0,0,0,1,ì˙,ãxì˙,13484443,5322,148911,2017,49108,535,13963056,678,0,,,,,
2021/5/24,340,535,157125,0,2017,22.1,1,0,0,0,0,0,0,åé,ïΩì˙,13434800,5179,149589,2017,39292,340,13963056,685,9,,,,,
2021/5/25,542,340,157667,9,2026,22.4,0,1,0,0,0,0,0,âŒ,ïΩì˙,13395168,4825,150274,2026,45674,542,13963056,605,5,,,,,
2021/5/26,743,542,158410,5,2031,21.1,0,0,1,0,0,0,0,êÖ,ïΩì˙,13348952,4757,150879,2031,55852,743,13963056,604,11,,,,,
2021/5/27,684,743,159094,11,2042,16.9,0,0,0,1,0,0,0,ñÿ,ïΩì˙,13292357,4885,151483,2042,52459,684,13963056,748,6,,,,,
2021/5/28,614,684,159708,6,2048,20.5,0,0,0,0,1,0,0,ã‡,ïΩì˙,13239214,4815,152231,2048,48354,614,13963056,581,6,,,,,
2021/5/29,539,614,160247,6,2054,22.8,0,0,0,0,0,1,0,ìy,ãxì˙,13190246,4842,152812,2054,55336,539,13963056,618,0,,,,,
2021/5/30,448,539,160695,0,2054,21.2,0,0,0,0,0,0,1,ì˙,ãxì˙,13134371,4763,153430,2054,58980,448,13963056,644,1,,,,,
2021/5/31,260,448,160955,1,2055,20.6,1,0,0,0,0,0,0,åé,ïΩì˙,13074943,4566,154074,2055,48507,260,13963056,516,7,,,,,
2021/6/1,471,260,161426,7,2062,20.1,0,1,0,0,0,0,0,âŒ,ïΩì˙,13026176,4303,154590,2062,59658,471,13957977,562,13,,,,,
2021/6/2,487,471,161913,13,2075,22,0,0,1,0,0,0,0,êÖ,ïΩì˙,12966047,4199,155152,2075,63871,487,13957977,512,16,,,,,
2021/6/3,508,487,162421,16,2091,22.1,0,0,0,1,0,0,0,ñÿ,ïΩì˙,12901689,4158,155664,2091,56265,508,13957977,601,4,,,,,
2021/6/4,472,508,162893,4,2095,21,0,0,0,0,1,0,0,ã‡,ïΩì˙,12844916,4061,156265,2095,56795,472,13957977,521,8,,,,,
2021/6/5,436,472,163329,8,2103,22.1,0,0,0,0,0,1,0,ìy,ãxì˙,12787649,4004,156786,2103,59238,436,13957977,500,5,,,,,
2021/6/6,351,436,163680,5,2108,21.7,0,0,0,0,0,0,1,ì˙,ãxì˙,12727975,3935,157286,2108,57925,351,13957977,581,3,,,,,
2021/6/7,235,351,163915,3,2111,23.4,1,0,0,0,0,0,0,åé,ïΩì˙,12669699,3702,157867,2111,50528,235,13957977,525,10,,,,,
2021/6/8,369,235,164284,10,2121,24.8,0,1,0,0,0,0,0,âŒ,ïΩì˙,12618936,3402,158392,2121,55916,369,13957977,465,7,,,,,
2021/6/9,440,369,164724,7,2128,24.5,0,0,1,0,0,0,0,êÖ,ïΩì˙,12562651,3299,158857,2128,56432,440,13957977,479,6,,,,,
2021/6/10,439,440,165163,6,2134,24.1,0,0,0,1,0,0,0,ñÿ,ïΩì˙,12505779,3254,159336,2134,51002,439,13957977,492,8,,,,,
2021/6/11,435,439,165598,8,2142,23.7,0,0,0,0,1,0,0,ã‡,ïΩì˙,12454338,3193,159828,2142,54297,435,13957977,416,8,,,,,
2021/6/12,467,435,166065,8,2150,23.3,0,0,0,0,0,1,0,ìy,ãxì˙,12399606,3204,160244,2150,52300,467,13957977,351,6,,,,,
2021/6/13,304,467,166369,6,2156,24.3,0,0,0,0,0,0,1,ì˙,ãxì˙,12346839,3314,160595,2156,47220,304,13957977,476,3,,,,,
2021/6/14,209,304,166578,3,2159,21,1,0,0,0,0,0,0,åé,ïΩì˙,12299315,3139,161071,2159,45894,209,13957977,386,12,,,,,
2021/6/15,337,209,166915,12,2171,23.4,0,1,0,0,0,0,0,âŒ,ïΩì˙,12253212,2950,161457,2171,50528,337,13957977,374,12,,,,,
2021/6/16,501,337,167416,12,2183,22.2,0,0,1,0,0,0,0,êÖ,ïΩì˙,12202347,2901,161831,2183,49355,501,13957977,384,7,,,,,
2021/6/17,452,501,167868,7,2190,21.8,0,0,0,1,0,0,0,ñÿ,ïΩì˙,12152491,3011,162215,2190,49453,452,13957977,456,2,,,,,
2021/6/18,453,452,168321,2,2192,22.8,0,0,0,0,1,0,0,ã‡,ïΩì˙,12102586,3005,162671,2192,51464,453,13957977,386,4,,,,,
2021/6/19,388,453,168709,4,2196,20.3,0,0,0,0,0,1,0,ìy,ãxì˙,12050669,3068,163057,2196,50234,388,13957977,402,1,,,,,
2021/6/20,376,388,169085,1,2197,22.8,0,0,0,0,0,0,1,ì˙,ãxì˙,12000047,3053,163459,2197,45447,376,13957977,395,1,,,,,
2021/6/21,236,376,169321,1,2198,22.9,1,0,0,0,0,0,0,åé,ïΩì˙,11954224,3033,163854,2198,47583,236,13957977,377,5,,,,,
2021/6/22,435,236,169756,5,2203,23.1,0,1,0,0,0,0,0,âŒ,ïΩì˙,11906405,2887,164231,2203,48393,435,13957977,341,10,,,,,
2021/6/23,619,435,170375,10,2213,22,0,0,1,0,0,0,0,êÖ,ïΩì˙,11857577,2971,164572,2213,47359,619,13957977,379,3,,,,,
2021/6/24,570,619,170945,3,2216,22.8,0,0,0,1,0,0,0,ñÿ,ïΩì˙,11809599,3208,164951,2216,47555,570,13957977,368,2,,,,,
2021/6/25,562,570,171507,2,2218,23.3,0,0,0,0,1,0,0,ã‡,ïΩì˙,11761474,3408,165319,2218,47596,562,13957977,346,4,,,,,
2021/6/26,534,562,172041,4,2222,24.2,0,0,0,0,0,1,0,ìy,ãxì˙,11713316,3620,165665,2222,48449,534,13957977,404,1,,,,,
2021/6/27,386,534,172427,1,2223,23.7,0,0,0,0,0,0,1,ì˙,ãxì˙,11664333,3749,166069,2223,46075,386,13957977,380,4,,,,,
,,,,,,,,,,,,,,,,,,166449,2227,,,,,,,,,,
